Date,High,Low,Open,Close,Volume,Adj Close
2016-01-04,30.388994216918945,29.95256233215332,30.218215942382812,30.313093185424805,39322400.0,25.135385513305664
2016-01-05,30.58823585510254,30.294116973876953,30.531309127807617,30.531309127807617,28778000.0,25.316326141357422
2016-01-06,30.265655517578125,29.81024742126465,30.1043643951416,29.99051284790039,27242300.0,24.867902755737305
2016-01-07,30.180265426635742,29.544591903686523,29.563568115234375,29.791271209716797,39223100.0,24.70269203186035
2016-01-08,30.00948715209961,29.33586311340332,29.93358612060547,29.41176414489746,34840300.0,24.388004302978516
2016-01-11,29.601518630981445,29.070209503173828,29.554079055786133,29.478178024291992,40717900.0,24.443077087402344
2016-01-12,29.88614845275879,29.14611053466797,29.772296905517578,29.41176414489746,40927000.0,24.388004302978516
2016-01-13,29.677419662475586,28.719165802001953,29.497154235839844,28.814041137695312,42762900.0,23.89238166809082
2016-01-14,29.81024742126465,28.833017349243164,28.833017349243164,29.516128540039062,40603000.0,24.47454833984375
2016-01-15,29.240985870361328,28.652751922607422,28.67172622680664,29.23149871826172,49299300.0,24.23853302001953
2016-01-19,29.629980087280273,28.776090621948242,29.525617599487305,29.117647171020508,34508300.0,24.144128799438477
2016-01-20,29.478178024291992,28.51992416381836,28.66223907470703,29.089183807373047,52142200.0,24.12052345275879
2016-01-21,29.3168888092041,28.946868896484375,29.041746139526367,29.013282775878906,38528500.0,24.057592391967773
2016-01-22,29.648956298828125,29.098670959472656,29.41176414489746,29.136621475219727,33142400.0,24.159866333007812
2016-01-25,29.32637596130371,28.861480712890625,29.25047492980957,28.937381744384766,30313300.0,23.994651794433594
2016-01-26,29.17457389831543,28.785579681396484,28.965845108032227,29.098670959472656,27360800.0,24.128393173217773
2016-01-27,29.421253204345703,28.766603469848633,29.136621475219727,28.956356048583984,30059100.0,24.01038932800293
2016-01-28,29.136621475219727,28.074003219604492,29.127134323120117,28.652751922607422,51419900.0,23.758638381958008
2016-01-29,28.927894592285156,28.387096405029297,28.823530197143555,28.927894592285156,59794300.0,23.986787796020508
2016-02-01,28.842504501342773,28.282732009887695,28.785579681396484,28.62428855895996,50036900.0,23.73504066467285
2016-02-02,28.785579681396484,28.036052703857422,28.62428855895996,28.5958251953125,50815600.0,23.71143913269043
2016-02-03,28.52941131591797,27.647058486938477,28.377609252929688,28.149904251098633,47403300.0,23.576351165771484
2016-02-04,28.074003219604492,27.26755142211914,27.979127883911133,27.514230728149414,60009100.0,23.043956756591797
2016-02-05,27.9127140045166,27.362428665161133,27.533206939697266,27.542694091796875,41033900.0,23.067798614501953
2016-02-08,27.495256423950195,26.802656173706055,27.21062660217285,27.09677505493164,50082400.0,22.69432258605957
2016-02-09,27.7039852142334,26.888046264648438,27.011384963989258,27.609107971191406,60214800.0,23.1234188079834
2016-02-10,28.368122100830078,27.808349609375,27.82732391357422,27.979127883911133,47121400.0,23.433324813842773
2016-02-11,27.83681297302246,27.409866333007812,27.523719787597656,27.637571334838867,41780800.0,23.14725685119629
2016-02-12,27.87476348876953,27.495256423950195,27.751422882080078,27.85578727722168,34300500.0,23.33002281188965
2016-02-16,28.311195373535156,27.941177368164062,28.036052703857422,28.282732009887695,34329300.0,23.687597274780273
2016-02-17,28.52941131591797,28.074003219604492,28.462997436523438,28.111953735351562,41224300.0,23.54456901550293
2016-02-18,28.500947952270508,27.950664520263672,28.292219161987305,28.036052703857422,50789000.0,23.480998992919922
2016-02-19,28.130929946899414,27.685009002685547,28.083492279052734,27.979127883911133,41870000.0,23.433324813842773
2016-02-22,28.52941131591797,28.130929946899414,28.225807189941406,28.51043701171875,41458500.0,23.878307342529297
2016-02-23,28.823530197143555,28.415559768676758,28.51992416381836,28.425046920776367,33697100.0,23.80678939819336
2016-02-24,28.53890037536621,28.00758934020996,28.282732009887695,28.48197364807129,33322200.0,23.85447120666504
2016-02-25,29.117647171020508,28.48197364807129,28.55787467956543,29.022769927978516,54850300.0,24.307403564453125
2016-02-26,29.3168888092041,28.48197364807129,29.203035354614258,28.681215286254883,45244000.0,24.02134132385254
2016-02-29,28.63377571105957,28.055028915405273,28.54838752746582,28.149904251098633,37091800.0,23.576351165771484
2016-03-01,28.54838752746582,28.102466583251953,28.263757705688477,28.500947952270508,33114300.0,23.8703556060791
2016-03-02,28.61480140686035,28.225807189941406,28.56736183166504,28.44402313232422,36139800.0,23.82268524169922
2016-03-03,28.462997436523438,28.064516067504883,28.349145889282227,28.358633041381836,38882000.0,23.751169204711914
2016-03-04,28.40607261657715,28.017078399658203,28.320682525634766,28.187856674194336,38827900.0,23.608137130737305
2016-03-07,28.282732009887695,27.81783676147461,28.036052703857422,28.263757705688477,33934900.0,23.67170524597168
2016-03-08,28.225807189941406,27.85578727722168,28.225807189941406,27.85578727722168,34566900.0,23.33002281188965
2016-03-09,28.320682525634766,27.9127140045166,28.197343826293945,28.216318130493164,81054600.0,23.631975173950195
2016-03-10,28.387096405029297,28.017078399658203,28.368122100830078,28.074003219604492,61264200.0,23.512781143188477
2016-03-11,28.937381744384766,28.206830978393555,28.254268646240234,28.937381744384766,63638500.0,24.23588752746582
2016-03-14,28.785579681396484,28.415559768676758,28.719165802001953,28.55787467956543,49289600.0,23.918041229248047
2016-03-15,28.396583557128906,27.798860549926758,28.349145889282227,28.026565551757812,57622400.0,23.473051071166992
2016-03-16,28.00758934020996,27.390892028808594,28.00758934020996,27.552181243896484,96151600.0,23.075742721557617
2016-03-17,28.064516067504883,27.26755142211914,27.628084182739258,27.83681297302246,70483500.0,23.314128875732422
2016-03-18,28.130929946899414,27.675521850585938,27.988615036010742,27.941177368164062,86327800.0,23.401535034179688
2016-03-21,28.57685089111328,27.93168830871582,27.941177368164062,28.52941131591797,37124300.0,23.894197463989258
2016-03-22,28.994306564331055,28.358633041381836,28.4914608001709,28.823530197143555,42880700.0,24.140531539916992
2016-03-23,29.041746139526367,28.55787467956543,28.870967864990234,28.64326286315918,42985700.0,23.989553451538086
2016-03-24,28.728652954101562,28.349145889282227,28.57685089111328,28.53890037536621,33669700.0,23.902145385742188
2016-03-28,28.67172622680664,28.216318130493164,28.54838752746582,28.254268646240234,32850500.0,23.663759231567383
2016-03-29,28.64326286315918,28.187856674194336,28.292219161987305,28.51043701171875,36464400.0,23.878307342529297
2016-03-30,28.66223907470703,28.47248649597168,28.60531234741211,28.52941131591797,33824500.0,23.894197463989258
2016-03-31,28.62428855895996,27.99810218811035,28.51992416381836,28.121442794799805,59861700.0,23.552515029907227
2016-04-01,28.62428855895996,27.90322494506836,27.93168830871582,28.500947952270508,50975300.0,23.8703556060791
2016-04-04,29.17457389831543,28.51992416381836,28.54838752746582,29.14611053466797,54762600.0,24.410701751708984
2016-04-05,30.123340606689453,29.013282775878906,29.611005783081055,29.753320693969727,299829400.0,24.919261932373047
2016-04-06,31.309297561645508,29.91461181640625,29.92409896850586,31.242883682250977,158517400.0,26.166807174682617
2016-04-07,31.38519859313965,30.834915161132812,30.882352828979492,31.081594467163086,64692400.0,26.03172492980957
2016-04-08,31.214420318603516,30.62618637084961,31.148008346557617,30.834915161132812,55598000.0,25.825122833251953
2016-04-11,30.901329040527344,30.237192153930664,30.85388946533203,30.256166458129883,87735800.0,25.340404510498047
2016-04-12,30.493358612060547,30.170778274536133,30.265655517578125,30.322580337524414,45179000.0,25.396028518676758
2016-04-13,30.939279556274414,30.322580337524414,30.322580337524414,30.872865676879883,38429200.0,25.85690689086914
2016-04-14,31.100568771362305,30.67362403869629,30.81593894958496,30.977230072021484,33682500.0,25.944316864013672
2016-04-15,31.100568771362305,30.645160675048828,30.977230072021484,30.834915161132812,37179100.0,25.825122833251953
2016-04-18,31.176469802856445,30.63567352294922,30.834915161132812,30.939279556274414,38997300.0,25.91253089904785
2016-04-19,31.499052047729492,31.062618255615234,31.119544982910156,31.204933166503906,29955000.0,26.135026931762695
2016-04-20,31.688804626464844,31.166982650756836,31.166982650756836,31.52751350402832,36981600.0,26.405197143554688
2016-04-21,31.764705657958984,31.347248077392578,31.36622428894043,31.537002563476562,36025300.0,26.413145065307617
2016-04-22,31.783681869506836,31.37571144104004,31.546489715576172,31.56546401977539,27548700.0,26.436981201171875
2016-04-25,31.56546401977539,31.309297561645508,31.43263816833496,31.5085391998291,25569500.0,26.38930320739746
2016-04-26,31.622390747070312,31.233396530151367,31.499052047729492,31.35673713684082,30293300.0,26.262168884277344
2016-04-27,31.5085391998291,31.214420318603516,31.29032325744629,31.309297561645508,27503600.0,26.222434997558594
2016-04-28,31.48007583618164,31.072105407714844,31.280834197998047,31.223909378051758,34819000.0,26.150920867919922
2016-04-29,31.261859893798828,30.76850128173828,31.185958862304688,31.034154891967773,36061100.0,25.991992950439453
2016-05-02,31.309297561645508,30.834915161132812,30.8918399810791,31.119544982910156,40122400.0,26.063512802124023
2016-05-03,32.2296028137207,31.546489715576172,31.925996780395508,31.973434448242188,75396400.0,26.778669357299805
2016-05-04,32.16318893432617,31.622390747070312,31.944971084594727,31.688804626464844,38021400.0,26.540279388427734
2016-05-05,32.001895904541016,31.59392738342285,31.660341262817383,31.850095748901367,25047500.0,26.67536735534668
2016-05-06,31.869070053100586,31.499052047729492,31.669828414916992,31.859582901000977,24422200.0,26.683313369750977
2016-05-09,32.220115661621094,31.802656173706055,31.821632385253906,32.08728790283203,33182800.0,26.8740234375
2016-05-10,32.13472366333008,31.764705657958984,32.09677505493164,32.06830978393555,26125500.0,26.85812759399414
2016-05-11,31.840606689453125,31.45161247253418,31.745731353759766,31.46109962463379,32037400.0,26.585540771484375
2016-05-12,31.574953079223633,31.233396530151367,31.51802635192871,31.48956298828125,26746500.0,26.60959243774414
2016-05-13,31.736242294311523,31.44212532043457,31.622390747070312,31.48956298828125,21622500.0,26.60959243774414
2016-05-16,31.717267990112305,31.129032135009766,31.242883682250977,31.669828414916992,23239200.0,26.761920928955078
2016-05-17,31.631877899169922,31.233396530151367,31.56546401977539,31.33776092529297,33175200.0,26.48131561279297
2016-05-18,31.669828414916992,31.280834197998047,31.318784713745117,31.47058868408203,21034900.0,26.593557357788086
2016-05-19,31.717267990112305,31.271347045898438,31.46109962463379,31.669828414916992,28095700.0,26.761920928955078
2016-05-20,32.16318893432617,31.736242294311523,31.764705657958984,32.01138687133789,36437900.0,27.050548553466797
2016-05-23,32.17267608642578,31.925996780395508,32.09677505493164,31.944971084594727,25126800.0,26.99442481994629
2016-05-24,32.42884063720703,31.963947296142578,31.963947296142578,32.35293960571289,29890800.0,27.339170455932617
2016-05-25,32.637569427490234,32.32447814941406,32.371917724609375,32.59013366699219,22152800.0,27.53960609436035
2016-05-26,32.87476348876953,32.50474548339844,32.50474548339844,32.66603469848633,26656300.0,27.603744506835938
2016-05-27,32.96963882446289,32.618595123291016,32.618595123291016,32.83681106567383,21569100.0,27.74805450439453
2016-05-31,32.96963882446289,32.618595123291016,32.89373779296875,32.92219924926758,34547300.0,27.820209503173828
2016-06-01,33.149906158447266,32.84629821777344,32.92219924926758,32.96963882446289,24361200.0,27.86029624938965
2016-06-02,33.19734191894531,32.75142288208008,32.91271209716797,33.083492279052734,31807700.0,27.956506729125977
2016-06-03,33.092979431152344,32.68500900268555,33.083492279052734,32.91271209716797,28377600.0,27.81219482421875
2016-06-06,33.19734191894531,32.84629821777344,32.92219924926758,33.140419006347656,21526800.0,28.00461196899414
2016-06-07,33.19734191894531,32.96963882446289,33.05502700805664,33.05502700805664,24776900.0,27.93245506286621
2016-06-08,33.51992416381836,32.89373779296875,32.98861312866211,33.44402313232422,23703200.0,28.26116371154785
2016-06-09,33.68121337890625,33.235294342041016,33.254268646240234,33.50094985961914,25440200.0,28.30927276611328
2016-06-10,33.57685089111328,33.225807189941406,33.311195373535156,33.481971740722656,21645400.0,28.293237686157227
2016-06-13,33.34914779663086,32.92219924926758,33.225807189941406,32.96015167236328,31296000.0,27.852279663085938
2016-06-14,33.235294342041016,32.808349609375,32.82732391357422,33.19734191894531,33410400.0,28.052715301513672
2016-06-15,33.3870964050293,32.87476348876953,33.2163200378418,33.007591247558594,21372700.0,27.892370223999023
2016-06-16,33.007591247558594,32.65654754638672,32.90322494506836,32.96963882446289,23540600.0,27.86029624938965
2016-06-17,33.02656555175781,32.31499099731445,32.998104095458984,32.466793060302734,35423500.0,27.435382843017578
2016-06-20,32.92219924926758,32.42884063720703,32.71347427368164,32.73244857788086,23814900.0,27.65986442565918
2016-06-21,33.092979431152344,32.74193572998047,32.74193572998047,32.96963882446289,26726000.0,27.86029624938965
2016-06-22,33.159393310546875,32.64706039428711,32.96015167236328,32.703983306884766,26515600.0,27.635807037353516
2016-06-23,32.96015167236328,32.542694091796875,32.92219924926758,32.81783676147461,25111300.0,27.732023239135742
2016-06-24,32.68500900268555,32.01138687133789,32.06830978393555,32.2296028137207,46376200.0,27.23494529724121
2016-06-27,32.23908996582031,31.812143325805664,32.06830978393555,32.06830978393555,31359700.0,27.098648071289062
2016-06-28,32.703983306884766,32.18216323852539,32.4003791809082,32.67552185058594,25068500.0,27.611764907836914
2016-06-29,33.34914779663086,32.79886245727539,32.84629821777344,33.2163200378418,26206800.0,28.068754196166992
2016-06-30,33.46299743652344,33.149906158447266,33.339656829833984,33.406070709228516,28451500.0,28.229093551635742
2016-07-01,33.82352828979492,33.320682525634766,33.34914779663086,33.74762725830078,20371300.0,28.517724990844727
2016-07-05,34.07969665527344,33.6337776184082,33.71916580200195,33.9753303527832,21972800.0,28.710134506225586
2016-07-06,34.06072235107422,33.56736373901367,33.98482131958008,34.022769927978516,27226900.0,28.750225067138672
2016-07-07,34.08918380737305,33.73814010620117,33.956356048583984,33.937381744384766,19081100.0,28.678068161010742
2016-07-08,34.33586502075195,33.870967864990234,34.041744232177734,34.26945114135742,18752900.0,28.95867347717285
2016-07-11,34.487667083740234,34.184059143066406,34.22201156616211,34.29791259765625,17406900.0,28.98273468017578
2016-07-12,34.44022750854492,34.184059143066406,34.29791259765625,34.38330078125,17066400.0,29.054887771606445
2016-07-13,34.563568115234375,34.35483932495117,34.4212532043457,34.44971466064453,14611500.0,29.111003875732422
2016-07-14,35.06641387939453,34.39278793334961,34.6204948425293,35.02846145629883,29155100.0,29.600059509277344
2016-07-15,35.284629821777344,34.753318786621094,35.07590103149414,34.886146545410156,26445400.0,29.479801177978516
2016-07-18,35.09487533569336,34.67741775512695,34.810245513916016,34.76280975341797,17827600.0,29.375581741333008
2016-07-19,34.98102569580078,34.67741775512695,34.7912712097168,34.76280975341797,17615000.0,29.375581741333008
2016-07-20,35.0379524230957,34.800758361816406,35.00948715209961,34.800758361816406,12937100.0,29.40764808654785
2016-07-21,34.93358612060547,34.648956298828125,34.7912712097168,34.8292236328125,13772100.0,29.43170166015625
2016-07-22,34.95256042480469,34.800758361816406,34.91461181640625,34.85768508911133,14209500.0,29.455753326416016
2016-07-25,34.95256042480469,34.639469146728516,34.91461181640625,34.89563751220703,12833300.0,29.487821578979492
2016-07-26,34.98102569580078,34.77229690551758,34.94307327270508,34.94307327270508,12774000.0,29.527908325195312
2016-07-27,35.02846145629883,34.77229690551758,34.86717224121094,34.9620475769043,15877500.0,29.54393768310547
2016-07-28,35.01897430419922,34.629981994628906,34.99051284790039,34.7912712097168,17134900.0,29.399633407592773
2016-07-29,35.05692672729492,34.77229690551758,34.800758361816406,35.0,22675500.0,29.576011657714844
2016-08-01,35.47438430786133,35.08538818359375,35.12334060668945,35.39848327636719,29911000.0,29.912742614746094
2016-08-02,34.93358612060547,34.27893829345703,34.87665939331055,34.52561569213867,34914500.0,29.17513656616211
2016-08-03,34.108158111572266,33.263755798339844,34.07020950317383,33.481971740722656,44941200.0,28.528425216674805
2016-08-04,33.700191497802734,33.34914779663086,33.68121337890625,33.34914779663086,26482600.0,28.415252685546875
2016-08-05,33.709678649902344,33.41556167602539,33.54838562011719,33.62428665161133,28665000.0,28.64967918395996
2016-08-08,33.47248458862305,32.93169021606445,33.47248458862305,33.140419006347656,32189700.0,28.237401962280273
2016-08-09,33.49146270751953,33.11195373535156,33.19734191894531,33.28273391723633,18054400.0,28.358665466308594
2016-08-10,33.37760925292969,33.12144088745117,33.36812210083008,33.330169677734375,14887300.0,28.39908218383789
2016-08-11,33.47248458862305,33.30170822143555,33.330169677734375,33.34914779663086,14106800.0,28.415252685546875
2016-08-12,33.311195373535156,32.96963882446289,33.28273391723633,33.1878547668457,15840800.0,28.27782440185547
2016-08-15,33.36812210083008,33.140419006347656,33.254268646240234,33.311195373535156,13021100.0,28.382911682128906
2016-08-16,33.28273391723633,32.98861312866211,33.149906158447266,33.007591247558594,15944200.0,28.124225616455078
2016-08-17,33.34914779663086,32.96963882446289,32.96963882446289,33.339656829833984,17961100.0,28.407163619995117
2016-08-18,33.54838562011719,33.19734191894531,33.339656829833984,33.3870964050293,17002400.0,28.44757843017578
2016-08-19,33.320682525634766,33.04553985595703,33.263755798339844,33.1878547668457,20624800.0,28.27782440185547
2016-08-22,33.47248458862305,32.9791259765625,33.0170783996582,33.05502700805664,27448700.0,28.164644241333008
2016-08-23,33.46299743652344,33.12144088745117,33.20683288574219,33.29222106933594,17873600.0,28.366744995117188
2016-08-24,33.56736373901367,32.9791259765625,33.425048828125,33.03605270385742,23755200.0,28.148473739624023
2016-08-25,33.3870964050293,32.88425064086914,32.9791259765625,32.98861312866211,19083100.0,28.10805320739746
2016-08-26,33.30170822143555,32.88425064086914,33.0170783996582,33.03605270385742,19785700.0,28.148473739624023
2016-08-29,33.36812210083008,33.03605270385742,33.149906158447266,33.311195373535156,15941600.0,28.382911682128906
2016-08-30,33.37760925292969,33.064517974853516,33.311195373535156,33.092979431152344,15274800.0,28.196983337402344
2016-08-31,33.149906158447266,32.83681106567383,33.074005126953125,33.0170783996582,21919600.0,28.13231086730957
2016-09-01,33.149906158447266,32.83681106567383,32.95066452026367,32.90322494506836,16780900.0,28.035301208496094
2016-09-02,33.05502700805664,32.83681106567383,32.998104095458984,32.98861312866211,15215300.0,28.10805320739746
2016-09-06,33.19734191894531,32.96963882446289,33.092979431152344,32.98861312866211,17882100.0,28.10805320739746
2016-09-07,33.10246658325195,32.90322494506836,32.94117736816406,33.05502700805664,15615500.0,28.164644241333008
2016-09-08,33.02656555175781,32.84629821777344,32.93169021606445,32.94117736816406,19216200.0,28.067636489868164
2016-09-09,32.81783676147461,32.34345245361328,32.779884338378906,32.35293960571289,23595100.0,27.566429138183594
2016-09-12,32.95066452026367,32.20113754272461,32.25806427001953,32.87476348876953,20472700.0,28.01105308532715
2016-09-13,32.67552185058594,32.11574935913086,32.67552185058594,32.296016693115234,21878500.0,27.51792335510254
2016-09-14,32.59013366699219,32.12523651123047,32.371917724609375,32.20113754272461,19924900.0,27.43708038330078
2016-09-15,32.57115936279297,31.831119537353516,32.15370178222656,32.390892028808594,21890100.0,27.598764419555664
2016-09-16,32.466793060302734,32.09677505493164,32.438331604003906,32.20113754272461,26998700.0,27.43708038330078
2016-09-19,32.28652572631836,31.869070053100586,32.24857711791992,31.925996780395508,18489600.0,27.202648162841797
2016-09-20,32.20113754272461,31.878557205200195,32.10626220703125,32.07780075073242,14875300.0,27.331995010375977
2016-09-21,32.57115936279297,32.01138687133789,32.16318893432617,32.523719787597656,16397500.0,27.71194076538086
2016-09-22,32.66603469848633,32.32447814941406,32.57115936279297,32.4003791809082,17641200.0,27.60684585571289
2016-09-23,32.609107971191406,32.26755142211914,32.40986633300781,32.50474548339844,13635700.0,27.695772171020508
2016-09-26,32.26755142211914,31.707780838012695,32.18216323852539,31.916507720947266,31120000.0,27.194564819335938
2016-09-27,32.14421081542969,31.764705657958984,32.04933547973633,32.09677505493164,16453600.0,27.348163604736328
2016-09-28,32.25806427001953,31.963947296142578,32.11574935913086,32.24857711791992,15080400.0,27.47750473022461
2016-09-29,32.32447814941406,31.59392738342285,32.20113754272461,31.612903594970703,26396400.0,26.93587875366211
2016-09-30,32.27703857421875,31.688804626464844,31.726755142211914,32.13472366333008,30138100.0,27.380491256713867
2016-10-03,32.001895904541016,31.669828414916992,32.001895904541016,31.95446014404297,18862400.0,27.226905822753906
2016-10-04,32.17267608642578,31.793169021606445,31.888046264648438,31.99241065979004,22029800.0,27.259235382080078
2016-10-05,32.23908996582031,31.95446014404297,32.001895904541016,32.16318893432617,14698300.0,27.404752731323242
2016-10-06,32.06830978393555,31.755218505859375,32.04933547973633,31.925996780395508,16809800.0,27.202648162841797
2016-10-07,32.25806427001953,31.707780838012695,31.973434448242188,31.840606689453125,15620000.0,27.129892349243164
2016-10-10,32.10626220703125,31.850095748901367,31.925996780395508,31.888046264648438,17268400.0,27.170312881469727
2016-10-11,31.850095748901367,31.25237274169922,31.840606689453125,31.43263816833496,18268000.0,26.782283782958984
2016-10-12,31.537002563476562,31.25237274169922,31.44212532043457,31.37571144104004,15956300.0,26.733776092529297
2016-10-13,31.214420318603516,30.85388946533203,30.901329040527344,31.081594467163086,25488100.0,26.483173370361328
2016-10-14,31.214420318603516,30.986717224121094,31.053131103515625,30.986717224121094,16410000.0,26.402334213256836
2016-10-17,31.034154891967773,30.81593894958496,30.910816192626953,30.834915161132812,17837400.0,26.272985458374023
2016-10-18,31.185958862304688,30.939279556274414,31.062618255615234,31.015180587768555,15624100.0,26.426586151123047
2016-10-19,31.166982650756836,30.82542610168457,31.072105407714844,30.929790496826172,17247400.0,26.353830337524414
2016-10-20,31.062618255615234,30.82542610168457,30.82542610168457,30.872865676879883,20334200.0,26.30532455444336
2016-10-21,30.7874755859375,30.531309127807617,30.759014129638672,30.531309127807617,19852100.0,26.014299392700195
2016-10-24,30.70208740234375,30.407970428466797,30.645160675048828,30.483871459960938,20644100.0,25.9738826751709
2016-10-25,30.71157455444336,30.351043701171875,30.379507064819336,30.62618637084961,20380200.0,26.09514045715332
2016-10-26,30.929790496826172,30.502845764160156,30.62618637084961,30.74003791809082,18026200.0,26.192148208618164
2016-10-27,31.129032135009766,30.71157455444336,30.910816192626953,30.81593894958496,19238700.0,26.25682258605957
2016-10-28,30.8918399810791,30.246679306030273,30.85388946533203,30.294116973876953,30048200.0,25.81220245361328
2016-10-31,30.398481369018555,29.99051284790039,30.398481369018555,30.08538818359375,37890700.0,25.63435173034668
2016-11-01,30.094877243041992,29.17457389831543,29.354839324951172,29.478178024291992,57285000.0,25.116979598999023
2016-11-02,29.44971466064453,28.804553985595703,29.40227699279785,29.060720443725586,38033100.0,24.761281967163086
2016-11-03,29.127134323120117,28.301708221435547,29.127134323120117,28.358633041381836,38291000.0,24.163070678710938
2016-11-04,28.814041137695312,28.368122100830078,28.377609252929688,28.462997436523438,36919700.0,24.251989364624023
2016-11-07,28.880455017089844,28.53890037536621,28.681215286254883,28.823530197143555,32544900.0,24.559181213378906
2016-11-08,28.889942169189453,28.425046920776367,28.58633804321289,28.462997436523438,37365700.0,24.493865966796875
2016-11-09,31.660341262817383,29.88614845275879,31.318784713745117,30.474382400512695,125166500.0,26.22476577758789
2016-11-10,32.09677505493164,31.166982650756836,31.612903594970703,31.774192810058594,70908100.0,27.343318939208984
2016-11-11,31.631877899169922,30.540796279907227,31.51802635192871,30.920303344726562,37737000.0,26.608501434326172
2016-11-14,31.214420318603516,30.483871459960938,31.166982650756836,30.72106170654297,32219100.0,26.437044143676758
2016-11-15,31.081594467163086,30.246679306030273,31.081594467163086,30.578746795654297,31213500.0,26.31458282470703
2016-11-16,30.67362403869629,30.294116973876953,30.55028533935547,30.322580337524414,23864200.0,26.09412956237793
2016-11-17,30.474382400512695,30.056926727294922,30.370019912719727,30.1043643951416,27502500.0,25.90634536743164
2016-11-18,30.313093185424805,29.829221725463867,30.313093185424805,29.867172241210938,25460800.0,25.702232360839844
2016-11-21,30.06641387939453,29.876659393310547,29.8956356048584,29.95256233215332,23053900.0,25.775712966918945
2016-11-22,30.351043701171875,29.459203720092773,30.294116973876953,29.724857330322266,27862300.0,25.57975959777832
2016-11-23,29.838708877563477,29.060720443725586,29.582542419433594,29.81024742126465,22399900.0,25.653242111206055
2016-11-25,30.11385154724121,29.93358612060547,29.98102378845215,30.06641387939453,11017400.0,25.873685836791992
2016-11-28,30.208728790283203,29.88614845275879,30.06641387939453,29.92409896850586,18692900.0,25.751220703125
2016-11-29,30.332067489624023,29.99051284790039,30.218215942382812,30.284629821777344,22810900.0,26.061471939086914
2016-11-30,30.71157455444336,30.123340606689453,30.341556549072266,30.493358612060547,40599600.0,26.24109649658203
2016-12-01,30.59772300720215,29.791271209716797,30.59772300720215,29.84819793701172,32259100.0,25.685897827148438
2016-12-02,30.1043643951416,29.753320693969727,29.92409896850586,30.00948715209961,20034200.0,25.8247013092041
2016-12-05,30.142314910888672,29.781784057617188,30.11385154724121,29.97153663635254,20342500.0,25.79203987121582
2016-12-06,30.07590103149414,29.819734573364258,30.02846336364746,29.943073272705078,18663000.0,25.76754379272461
2016-12-07,29.724857330322266,29.041746139526367,29.724857330322266,29.592029571533203,46432600.0,25.465457916259766
2016-12-08,29.506641387939453,28.946868896484375,29.25996208190918,29.354839324951172,37409600.0,25.261337280273438
2016-12-09,30.284629821777344,29.497154235839844,29.516128540039062,30.07590103149414,30935700.0,25.881855010986328
2016-12-12,30.977230072021484,30.03795051574707,30.07590103149414,30.74003791809082,33997500.0,26.453371047973633
2016-12-13,31.195446014404297,30.8918399810791,31.129032135009766,31.148008346557617,30313400.0,26.804452896118164
2016-12-14,31.59392738342285,30.967741012573242,31.233396530151367,31.138519287109375,38309800.0,26.79629135131836
2016-12-15,31.271347045898438,30.929790496826172,30.958253860473633,31.072105407714844,22004500.0,26.7391300201416
2016-12-16,31.25237274169922,30.85388946533203,31.195446014404297,31.157495498657227,39615000.0,26.8126220703125
2016-12-19,31.280834197998047,31.043643951416016,31.081594467163086,31.148008346557617,26277000.0,26.804452896118164
2016-12-20,31.195446014404297,30.901329040527344,31.100568771362305,31.166982650756836,26428300.0,26.820781707763672
2016-12-21,31.242883682250977,30.67362403869629,31.053131103515625,30.74003791809082,19751600.0,26.453371047973633
2016-12-22,30.76850128173828,30.407970428466797,30.63567352294922,30.6831111907959,19618400.0,26.404386520385742
2016-12-23,30.8918399810791,30.70208740234375,30.74952507019043,30.81593894958496,11387900.0,26.51869010925293
2016-12-27,31.043643951416016,30.81593894958496,30.901329040527344,30.863378524780273,11826300.0,26.55951499938965
2016-12-28,31.015180587768555,30.6831111907959,30.834915161132812,30.69260025024414,14691500.0,26.412553787231445
2016-12-29,30.948766708374023,30.71157455444336,30.73055076599121,30.82542610168457,14827300.0,26.52685546875
2016-12-30,30.929790496826172,30.65464973449707,30.6831111907959,30.81593894958496,19885400.0,26.51869010925293
2017-01-03,31.309297561645508,30.920303344726562,31.024667739868164,31.309297561645508,23391800.0,26.943248748779297
2017-01-04,31.641366958618164,31.33776092529297,31.43263816833496,31.584440231323242,22754000.0,27.180025100708008
2017-01-05,31.963947296142578,31.42314910888672,31.660341262817383,31.888046264648438,21083600.0,27.44129753112793
2017-01-06,31.973434448242188,31.631877899169922,31.935483932495117,31.764705657958984,18418200.0,27.33515739440918
2017-01-09,31.944971084594727,31.669828414916992,31.717267990112305,31.755218505859375,21559900.0,27.32699203491211
2017-01-10,31.935483932495117,31.612903594970703,31.869070053100586,31.726755142211914,20444800.0,27.30249786376953
2017-01-11,31.821632385253906,30.74003791809082,31.660341262817383,31.148008346557617,42623100.0,26.804452896118164
2017-01-12,30.948766708374023,30.645160675048828,30.863378524780273,30.929790496826172,33476000.0,26.616668701171875
2017-01-13,31.100568771362305,30.67362403869629,30.996204376220703,30.85388946533203,21386900.0,26.551349639892578
2017-01-17,30.72106170654297,30.15180206298828,30.69260025024414,30.417457580566406,33838100.0,26.175777435302734
2017-01-18,30.62618637084961,30.313093185424805,30.445920944213867,30.388994216918945,22629100.0,26.151283264160156
2017-01-19,30.445920944213867,29.91461181640625,30.417457580566406,30.07590103149414,27555900.0,25.881855010986328
2017-01-20,30.474382400512695,30.03795051574707,30.094877243041992,30.142314910888672,31788300.0,25.93900489807129
2017-01-23,30.18975257873535,29.829221725463867,30.056926727294922,29.84819793701172,26098100.0,25.685897827148438
2017-01-24,29.84819793701172,29.3168888092041,29.791271209716797,29.554079055786133,31225200.0,25.432798385620117
2017-01-25,29.905122756958008,29.506641387939453,29.753320693969727,29.686906814575195,33905300.0,25.547101974487305
2017-01-26,29.857685089111328,29.601518630981445,29.791271209716797,29.677419662475586,28653500.0,25.5389404296875
2017-01-27,29.92409896850586,29.658443450927734,29.857685089111328,29.81024742126465,25353700.0,25.653242111206055
2017-01-30,29.88614845275879,29.468690872192383,29.857685089111328,29.705883026123047,28947900.0,25.563430786132812
2017-01-31,30.294116973876953,29.34535026550293,29.421253204345703,30.1043643951416,39472300.0,25.90634536743164
2017-02-01,30.06641387939453,29.658443450927734,29.8956356048584,30.04743766784668,30031900.0,26.120792388916016
2017-02-02,30.1043643951416,29.715370178222656,29.857685089111328,30.1043643951416,24634400.0,26.170278549194336
2017-02-03,30.58823585510254,30.284629821777344,30.407970428466797,30.445920944213867,37935300.0,26.467201232910156
2017-02-06,30.67362403869629,30.303606033325195,30.360530853271484,30.578746795654297,25859300.0,26.582674026489258
2017-02-07,30.69260025024414,30.303606033325195,30.66413688659668,30.436431884765625,24781600.0,26.458953857421875
2017-02-08,30.69260025024414,30.284629821777344,30.284629821777344,30.493358612060547,20194700.0,26.508440017700195
2017-02-09,30.872865676879883,30.493358612060547,30.493358612060547,30.72106170654297,25102400.0,26.70638656616211
2017-02-10,30.7874755859375,30.578746795654297,30.74952507019043,30.69260025024414,23090200.0,26.681644439697266
2017-02-13,31.015180587768555,30.77798843383789,30.77798843383789,30.939279556274414,21733600.0,26.896085739135742
2017-02-14,31.091081619262695,30.69260025024414,30.863378524780273,31.072105407714844,24205500.0,27.01154899597168
2017-02-15,31.859582901000977,31.015180587768555,31.100568771362305,31.793169021606445,48035500.0,27.638385772705078
2017-02-16,32.15370178222656,31.51802635192871,31.736242294311523,31.897533416748047,40402200.0,27.729110717773438
2017-02-17,32.15370178222656,31.812143325805664,31.869070053100586,31.897533416748047,36882300.0,27.729110717773438
2017-02-21,32.06830978393555,31.764705657958984,31.850095748901367,31.897533416748047,25391600.0,27.729110717773438
2017-02-22,32.0208740234375,31.546489715576172,31.850095748901367,31.869070053100586,28676500.0,27.70437240600586
2017-02-23,32.371917724609375,31.859582901000977,31.973434448242188,32.31499099731445,32122900.0,28.092018127441406
2017-02-24,32.59013366699219,32.24857711791992,32.41935348510742,32.50474548339844,26046400.0,28.25697135925293
2017-02-27,32.694496154785156,32.40986633300781,32.476280212402344,32.523719787597656,23009100.0,28.273466110229492
2017-02-28,32.50474548339844,32.17267608642578,32.35293960571289,32.371917724609375,28964700.0,28.14150619506836
2017-03-01,32.76091003417969,32.305503845214844,32.51423263549805,32.65654754638672,34034900.0,28.388944625854492
2017-03-02,32.96963882446289,32.65654754638672,32.694496154785156,32.74193572998047,26953000.0,28.463167190551758
2017-03-03,32.87476348876953,32.5996208190918,32.74193572998047,32.75142288208008,19800800.0,28.47141456604004
2017-03-06,32.703983306884766,32.33396530151367,32.57115936279297,32.59013366699219,19174300.0,28.331207275390625
2017-03-07,32.447818756103516,32.0208740234375,32.13472366333008,32.24857711791992,30783300.0,28.034284591674805
2017-03-08,32.35293960571289,31.99241065979004,32.17267608642578,32.17267608642578,23870400.0,27.968299865722656
2017-03-09,32.390892028808594,32.04933547973633,32.14421081542969,32.305503845214844,20199600.0,28.08377456665039
2017-03-10,32.561668395996094,32.25806427001953,32.390892028808594,32.362430572509766,20214700.0,28.133258819580078
2017-03-13,32.4003791809082,32.17267608642578,32.390892028808594,32.362430572509766,19988100.0,28.133258819580078
2017-03-14,32.57115936279297,32.23908996582031,32.27703857421875,32.466793060302734,15563500.0,28.223983764648438
2017-03-15,32.92219924926758,32.42884063720703,32.466793060302734,32.85578918457031,24279800.0,28.562145233154297
2017-03-16,32.85578918457031,32.49525451660156,32.79886245727539,32.66603469848633,21816200.0,28.39719009399414
2017-03-17,32.808349609375,32.51423263549805,32.694496154785156,32.561668395996094,45736100.0,28.306459426879883
2017-03-20,32.73244857788086,32.561668395996094,32.637569427490234,32.618595123291016,18435500.0,28.35594940185547
2017-03-21,32.83681106567383,32.42884063720703,32.71347427368164,32.49525451660156,33083500.0,28.248720169067383
2017-03-22,32.7703971862793,32.24857711791992,32.542694091796875,32.703983306884766,27528300.0,28.430173873901367
2017-03-23,32.78937530517578,32.476280212402344,32.561668395996094,32.533206939697266,21378700.0,28.281719207763672
2017-03-24,32.51423263549805,32.20113754272461,32.51423263549805,32.25806427001953,28583100.0,28.042530059814453
2017-03-27,32.552181243896484,32.01138687133789,32.01138687133789,32.42884063720703,18852100.0,28.19099235534668
2017-03-28,32.50474548339844,32.2296028137207,32.31499099731445,32.40986633300781,19327700.0,28.17449188232422
2017-03-29,32.68500900268555,32.362430572509766,32.40986633300781,32.57115936279297,18214200.0,28.314712524414062
2017-03-30,32.67552185058594,32.4003791809082,32.438331604003906,32.59013366699219,15803500.0,28.331207275390625
2017-03-31,32.618595123291016,32.40986633300781,32.457305908203125,32.457305908203125,19616800.0,28.215734481811523
2017-04-03,32.59013366699219,32.35293960571289,32.362430572509766,32.48576736450195,19064800.0,28.240476608276367
2017-04-04,32.73244857788086,32.305503845214844,32.42884063720703,32.58064651489258,20324200.0,28.322959899902344
2017-04-05,32.75142288208008,32.4003791809082,32.57115936279297,32.438331604003906,20321200.0,28.199237823486328
2017-04-06,32.59013366699219,32.31499099731445,32.390892028808594,32.362430572509766,17164700.0,28.133258819580078
2017-04-07,32.49525451660156,32.296016693115234,32.34345245361328,32.35293960571289,14728100.0,28.12500762939453
2017-04-10,32.466793060302734,32.2296028137207,32.381404876708984,32.296016693115234,16852700.0,28.075523376464844
2017-04-11,32.33396530151367,32.01138687133789,32.27703857421875,32.191650390625,20155600.0,27.98479652404785
2017-04-12,32.24857711791992,31.982921600341797,32.14421081542969,32.18216323852539,26022600.0,27.976547241210938
2017-04-13,32.27703857421875,32.08728790283203,32.14421081542969,32.14421081542969,13560600.0,27.94355583190918
2017-04-17,32.305503845214844,32.08728790283203,32.16318893432617,32.25806427001953,15963500.0,28.042530059814453
2017-04-18,32.14421081542969,31.935483932495117,32.03036117553711,32.10626220703125,22293400.0,27.910566329956055
2017-04-19,32.17267608642578,31.831119537353516,32.11574935913086,31.888046264648438,25204300.0,27.72086524963379
2017-04-20,32.13472366333008,31.764705657958984,31.907020568847656,32.01138687133789,19339300.0,27.828088760375977
2017-04-21,32.001895904541016,31.755218505859375,31.916507720947266,31.916507720947266,25552200.0,27.745607376098633
2017-04-24,32.28652572631836,31.925996780395508,32.23908996582031,32.01138687133789,22438500.0,27.828088760375977
2017-04-25,32.220115661621094,31.982921600341797,32.08728790283203,32.03036117553711,19756200.0,27.84458351135254
2017-04-26,32.28652572631836,32.11574935913086,32.12523651123047,32.11574935913086,20884500.0,27.918811798095703
2017-04-27,32.27703857421875,32.03984832763672,32.220115661621094,32.12523651123047,15633100.0,27.927061080932617
2017-04-28,32.20113754272461,32.0208740234375,32.14421081542969,32.18216323852539,16842100.0,27.976547241210938
2017-05-01,32.24857711791992,32.03984832763672,32.15370178222656,32.04933547973633,23910800.0,27.8610782623291
2017-05-02,31.99241065979004,31.195446014404297,31.859582901000977,31.888046264648438,42965700.0,27.72086524963379
2017-05-03,31.869070053100586,31.59392738342285,31.764705657958984,31.755218505859375,26155700.0,27.60540008544922
2017-05-04,31.869070053100586,31.612903594970703,31.726755142211914,31.736242294311523,26897900.0,27.58890151977539
2017-05-05,31.764705657958984,31.52751350402832,31.726755142211914,31.764705657958984,23000000.0,27.6136474609375
2017-05-08,31.897533416748047,31.641366958618164,31.688804626464844,31.736242294311523,24781500.0,27.58890151977539
2017-05-09,31.869070053100586,31.641366958618164,31.736242294311523,31.669828414916992,18028200.0,27.531164169311523
2017-05-10,31.42314910888672,31.214420318603516,31.309297561645508,31.33776092529297,34829900.0,27.506187438964844
2017-05-11,31.44212532043457,31.166982650756836,31.2998104095459,31.347248077392578,26421600.0,27.514514923095703
2017-05-12,31.37571144104004,31.204933166503906,31.204933166503906,31.318784713745117,18589200.0,27.489534378051758
2017-05-15,31.48007583618164,31.119544982910156,31.280834197998047,31.42314910888672,20530400.0,27.58113670349121
2017-05-16,31.119544982910156,30.73055076599121,30.8918399810791,30.929790496826172,42437800.0,27.148099899291992
2017-05-17,30.929790496826172,30.559772491455078,30.929790496826172,30.578746795654297,29931300.0,26.839975357055664
2017-05-18,30.759014129638672,30.426944732666016,30.55028533935547,30.569259643554688,24874800.0,26.83165168762207
2017-05-19,30.796964645385742,30.540796279907227,30.645160675048828,30.796964645385742,29885400.0,27.03151512145996
2017-05-22,30.834915161132812,30.474382400512695,30.834915161132812,30.474382400512695,26726000.0,26.748374938964844
2017-05-23,30.62618637084961,30.436431884765625,30.474382400512695,30.493358612060547,18517400.0,26.765026092529297
2017-05-24,30.62618637084961,30.332067489624023,30.521821975708008,30.407970428466797,23576800.0,26.690082550048828
2017-05-25,30.55028533935547,30.332067489624023,30.417457580566406,30.5123348236084,18227200.0,26.781681060791016
2017-05-26,30.63567352294922,30.455408096313477,30.531309127807617,30.493358612060547,12330700.0,26.765026092529297
2017-05-30,30.65464973449707,30.379507064819336,30.417457580566406,30.483871459960938,16913600.0,26.75670051574707
2017-05-31,31.110057830810547,30.483871459960938,30.62618637084961,30.977230072021484,30585500.0,27.18973731994629
2017-06-01,31.166982650756836,30.85388946533203,30.996204376220703,31.034154891967773,25184800.0,27.239702224731445
2017-06-02,31.195446014404297,30.77798843383789,31.091081619262695,30.872865676879883,21984500.0,27.0981388092041
2017-06-05,30.910816192626953,30.55028533935547,30.844402313232422,30.69260025024414,14994800.0,26.939908981323242
2017-06-06,30.71157455444336,30.398481369018555,30.645160675048828,30.426944732666016,18831200.0,26.706735610961914
2017-06-07,30.5123348236084,30.265655517578125,30.436431884765625,30.360530853271484,17479600.0,26.6484432220459
2017-06-08,30.455408096313477,30.04743766784668,30.360530853271484,30.123340606689453,35620800.0,26.44025421142578
2017-06-09,31.119544982910156,30.11385154724121,30.180265426635742,31.091081619262695,31764600.0,27.2896728515625
2017-06-12,31.39468765258789,31.024667739868164,31.091081619262695,31.024667739868164,30435500.0,27.231374740600586
2017-06-13,31.100568771362305,30.85388946533203,31.034154891967773,30.910816192626953,18093900.0,27.131444931030273
2017-06-14,31.081594467163086,30.796964645385742,30.920303344726562,31.015180587768555,14568200.0,27.223052978515625
2017-06-15,31.33776092529297,30.8918399810791,30.948766708374023,31.129032135009766,19952100.0,27.322978973388672
2017-06-16,31.43263816833496,31.129032135009766,31.29032325744629,31.280834197998047,33600000.0,27.456222534179688
2017-06-19,31.546489715576172,31.223909378051758,31.25237274169922,31.51802635192871,21922100.0,27.664413452148438
2017-06-20,32.0208740234375,31.45161247253418,31.5085391998291,31.840606689453125,27473800.0,27.94754981994629
2017-06-21,32.35293960571289,31.859582901000977,31.859582901000977,32.14421081542969,27134500.0,28.214038848876953
2017-06-22,32.71347427368164,32.18216323852539,32.21062469482422,32.31499099731445,23352500.0,28.363933563232422
2017-06-23,32.466793060302734,32.2296028137207,32.33396530151367,32.41935348510742,31668800.0,28.45553970336914
2017-06-26,32.457305908203125,32.2296028137207,32.40986633300781,32.296016693115234,14937600.0,28.34728240966797
2017-06-27,32.381404876708984,32.0208740234375,32.381404876708984,32.03984832763672,16089900.0,28.122438430786133
2017-06-28,32.24857711791992,31.925996780395508,32.12523651123047,32.0208740234375,15594000.0,28.10577964782715
2017-06-29,32.13472366333008,31.660341262817383,32.0208740234375,31.907020568847656,15724800.0,28.00584602355957
2017-06-30,32.06830978393555,31.793169021606445,32.001895904541016,31.869070053100586,14242200.0,27.972537994384766
2017-07-03,32.2296028137207,31.755218505859375,31.764705657958984,32.08728790283203,8972000.0,28.164073944091797
2017-07-05,32.21062469482422,31.774192810058594,32.20113754272461,31.916507720947266,17072300.0,28.01417350769043
2017-07-06,31.944971084594727,31.44212532043457,31.916507720947266,31.51802635192871,14676300.0,27.664413452148438
2017-07-07,31.650854110717773,31.32827377319336,31.546489715576172,31.641366958618164,17914500.0,27.772672653198242
2017-07-10,31.812143325805664,31.537002563476562,31.650854110717773,31.698291778564453,14256700.0,27.82263946533203
2017-07-11,31.755218505859375,31.35673713684082,31.688804626464844,31.47058868408203,12874100.0,27.62277603149414
2017-07-12,31.812143325805664,31.499052047729492,31.631877899169922,31.51802635192871,14578000.0,27.664413452148438
2017-07-13,31.631877899169922,31.2998104095459,31.51802635192871,31.574953079223633,14112000.0,27.714378356933594
2017-07-14,31.831119537353516,31.537002563476562,31.56546401977539,31.717267990112305,13175800.0,27.839290618896484
2017-07-17,31.755218505859375,31.44212532043457,31.726755142211914,31.546489715576172,17733900.0,27.689395904541016
2017-07-18,31.679317474365234,31.347248077392578,31.52751350402832,31.650854110717773,15356100.0,27.7810001373291
2017-07-19,31.963947296142578,31.603416442871094,31.660341262817383,31.897533416748047,19826000.0,27.997516632080078
2017-07-20,31.973434448242188,31.631877899169922,31.755218505859375,31.821632385253906,17870000.0,27.93090057373047
2017-07-21,31.859582901000977,31.679317474365234,31.755218505859375,31.764705657958984,12673700.0,27.88093376159668
2017-07-24,31.736242294311523,31.47058868408203,31.669828414916992,31.612903594970703,15558900.0,27.74769401550293
2017-07-25,31.764705657958984,31.318784713745117,31.669828414916992,31.4041748046875,20856000.0,27.564483642578125
2017-07-26,31.4041748046875,31.148008346557617,31.39468765258789,31.204933166503906,16572700.0,27.389602661132812
2017-07-27,31.309297561645508,31.015180587768555,31.110057830810547,31.309297561645508,17561200.0,27.481204986572266
2017-07-28,31.47058868408203,31.129032135009766,31.36622428894043,31.45161247253418,17116100.0,27.606115341186523
2017-07-31,31.679317474365234,31.44212532043457,31.5085391998291,31.46109962463379,23169700.0,27.61444854736328
2017-08-01,31.59392738342285,31.043643951416016,31.347248077392578,31.38519859313965,28072600.0,27.547826766967773
2017-08-02,31.233396530151367,31.024667739868164,31.185958862304688,31.233396530151367,30412100.0,27.682376861572266
2017-08-03,32.07780075073242,31.176469802856445,31.261859893798828,31.717267990112305,28739900.0,28.111228942871094
2017-08-04,32.25806427001953,31.764705657958984,31.859582901000977,31.916507720947266,27183400.0,28.287818908691406
2017-08-07,31.869070053100586,31.546489715576172,31.831119537353516,31.603416442871094,13188300.0,28.010324478149414
2017-08-08,31.745731353759766,31.51802635192871,31.622390747070312,31.574953079223633,16986500.0,27.985095977783203
2017-08-09,31.745731353759766,31.46109962463379,31.631877899169922,31.736242294311523,15807700.0,28.128049850463867
2017-08-10,31.831119537353516,31.5085391998291,31.660341262817383,31.707780838012695,19062500.0,28.102825164794922
2017-08-11,31.850095748901367,31.5085391998291,31.783681869506836,31.546489715576172,13626600.0,27.959869384765625
2017-08-14,31.660341262817383,31.44212532043457,31.622390747070312,31.603416442871094,13482200.0,28.010324478149414
2017-08-15,31.812143325805664,31.55597686767578,31.631877899169922,31.669828414916992,18048800.0,28.06918716430664
2017-08-16,31.774192810058594,31.55597686767578,31.622390747070312,31.650854110717773,11128800.0,28.052370071411133
2017-08-17,31.736242294311523,31.261859893798828,31.584440231323242,31.261859893798828,15661200.0,27.70760154724121
2017-08-18,31.280834197998047,30.977230072021484,31.223909378051758,30.996204376220703,16326600.0,27.472150802612305
2017-08-21,31.185958862304688,30.66413688659668,30.929790496826172,31.081594467163086,17848800.0,27.54783058166504
2017-08-22,31.51802635192871,31.024667739868164,31.081594467163086,31.45161247253418,14178600.0,27.875776290893555
2017-08-23,31.679317474365234,31.37571144104004,31.37571144104004,31.537002563476562,16990000.0,27.95146369934082
2017-08-24,31.688804626464844,31.47058868408203,31.660341262817383,31.52751350402832,12140400.0,27.94305419921875
2017-08-25,31.897533416748047,31.52751350402832,31.574953079223633,31.679317474365234,15171200.0,28.077594757080078
2017-08-28,31.897533416748047,31.698291778564453,31.783681869506836,31.755218505859375,13033000.0,28.14487075805664
2017-08-29,31.831119537353516,31.537002563476562,31.717267990112305,31.783681869506836,12884100.0,28.170093536376953
2017-08-30,31.764705657958984,31.546489715576172,31.764705657958984,31.736242294311523,12394900.0,28.128049850463867
2017-08-31,32.27703857421875,31.764705657958984,31.783681869506836,32.18216323852539,27300500.0,28.523273468017578
2017-09-01,32.381404876708984,32.08728790283203,32.20113754272461,32.220115661621094,19160800.0,28.556909561157227
2017-09-05,32.41935348510742,32.0208740234375,32.14421081542969,32.06830978393555,15068600.0,28.422361373901367
2017-09-06,32.362430572509766,32.17267608642578,32.21062469482422,32.24857711791992,13925800.0,28.582138061523438
2017-09-07,32.381404876708984,32.07780075073242,32.296016693115234,32.24857711791992,18831900.0,28.582138061523438
2017-09-08,32.49525451660156,32.06830978393555,32.21062469482422,32.35293960571289,16276300.0,28.674633026123047
2017-09-11,32.58064651489258,32.23908996582031,32.34345245361328,32.561668395996094,17264000.0,28.85963249206543
2017-09-12,33.91840744018555,32.5996208190918,32.618595123291016,33.55787658691406,39268400.0,29.74257469177246
2017-09-13,33.61479949951172,33.178367614746094,33.45351028442383,33.263755798339844,22115400.0,29.48189926147461
2017-09-14,34.0037956237793,33.20683288574219,33.254268646240234,33.89942932128906,28907800.0,30.04530143737793
2017-09-15,33.88994216918945,33.43453598022461,33.776092529296875,33.54838562011719,30430100.0,29.734169006347656
2017-09-18,33.72865295410156,33.406070709228516,33.56736373901367,33.72865295410156,17850800.0,29.893939971923828
2017-09-19,33.83301544189453,33.53889846801758,33.83301544189453,33.6337776184082,16539600.0,29.809844970703125
2017-09-20,34.35483932495117,33.9753303527832,34.08918380737305,34.14611053466797,27066800.0,30.263938903808594
2017-09-21,34.33586502075195,34.07020950317383,34.2125244140625,34.12713623046875,16580600.0,30.247114181518555
2017-09-22,34.26945114135742,33.937381744384766,34.25047302246094,34.117645263671875,15394100.0,30.23870277404785
2017-09-25,34.184059143066406,33.62428665161133,34.06072235107422,33.69070053100586,23379800.0,29.860301971435547
2017-09-26,33.82352828979492,33.43453598022461,33.69070053100586,33.49146270751953,18508000.0,29.6837158203125
2017-09-27,33.709678649902344,33.3870964050293,33.44402313232422,33.6337776184082,15502800.0,29.809844970703125
2017-09-28,33.946868896484375,33.41556167602539,33.46299743652344,33.776092529296875,19038100.0,29.93597984313965
2017-09-29,33.870967864990234,33.53889846801758,33.81404113769531,33.870967864990234,16867900.0,30.02007293701172
2017-10-02,34.25047302246094,33.67172622680664,33.842506408691406,34.22201156616211,17541300.0,30.33120346069336
2017-10-03,34.34535217285156,33.91840744018555,34.1745719909668,34.28842544555664,14328400.0,30.39006996154785
2017-10-04,34.38330078125,34.06072235107422,34.32637405395508,34.117645263671875,11435300.0,30.23870277404785
2017-10-05,34.15559768676758,33.91840744018555,34.041744232177734,34.15559768676758,14340400.0,30.272342681884766
2017-10-06,34.28842544555664,34.098670959472656,34.14611053466797,34.20303726196289,12711300.0,30.314388275146484
2017-10-09,34.29791259765625,34.08918380737305,34.2125244140625,34.28842544555664,10278100.0,30.39006996154785
2017-10-10,34.639469146728516,34.184059143066406,34.51612854003906,34.53510284423828,18697400.0,30.60869789123535
2017-10-11,34.61100387573242,34.34535217285156,34.50664138793945,34.582542419433594,18163700.0,30.650745391845703
2017-10-12,34.724857330322266,34.4212532043457,34.61100387573242,34.487667083740234,14750100.0,30.566661834716797
2017-10-13,34.6204948425293,34.39278793334961,34.50664138793945,34.478179931640625,13458800.0,30.55824851989746
2017-10-16,34.61100387573242,34.041744232177734,34.487667083740234,34.13662338256836,14315000.0,30.255523681640625
2017-10-17,34.46868896484375,33.91840744018555,34.08918380737305,34.34535217285156,14776800.0,30.440519332885742
2017-10-18,34.43074035644531,33.956356048583984,34.39278793334961,33.99430847167969,15196600.0,30.12938690185547
2017-10-19,34.51612854003906,34.0037956237793,34.05123519897461,34.38330078125,20858000.0,30.47415542602539
2017-10-20,34.554080963134766,34.184059143066406,34.44022750854492,34.554080963134766,18447300.0,30.625520706176758
2017-10-23,34.89563751220703,34.44022750854492,34.44022750854492,34.53510284423828,15978000.0,30.60869789123535
2017-10-24,34.658443450927734,34.14611053466797,34.582542419433594,34.411766052246094,15826100.0,30.49938201904297
2017-10-25,34.487667083740234,34.07969665527344,34.34535217285156,34.30739974975586,17523500.0,30.406883239746094
2017-10-26,34.36432647705078,33.776092529296875,34.24098587036133,33.90892028808594,18374300.0,30.053712844848633
2017-10-27,33.91840744018555,33.58633804321289,33.709678649902344,33.776092529296875,15746900.0,29.93597984313965
2017-10-30,33.65275192260742,33.225807189941406,33.61479949951172,33.34914779663086,26679600.0,29.557579040527344
2017-10-31,33.52941131591797,32.35293960571289,33.254268646240234,33.263755798339844,24794100.0,29.48189926147461
2017-11-01,33.89942932128906,33.11195373535156,33.2163200378418,33.45351028442383,16557500.0,29.65007209777832
2017-11-02,33.69070053100586,33.235294342041016,33.46299743652344,33.64326477050781,13880000.0,29.818260192871094
2017-11-03,33.73814010620117,33.51043701171875,33.6337776184082,33.72865295410156,9358300.0,29.893939971923828
2017-11-06,33.785579681396484,33.320682525634766,33.7666015625,33.51043701171875,11200500.0,29.700531005859375
2017-11-07,33.60531234741211,33.43453598022461,33.49146270751953,33.54838562011719,11480900.0,29.734169006347656
2017-11-08,33.57685089111328,33.235294342041016,33.55787658691406,33.52941131591797,14302100.0,29.717350006103516
2017-11-09,33.44402313232422,33.05502700805664,33.28273391723633,33.396583557128906,14088700.0,29.87009620666504
2017-11-10,33.3870964050293,33.0170783996582,33.30170822143555,33.37760925292969,15858600.0,29.853126525878906
2017-11-13,33.66223907470703,33.339656829833984,33.41556167602539,33.49146270751953,25072700.0,29.954959869384766
2017-11-14,33.870967864990234,33.41556167602539,33.44402313232422,33.56736373901367,17278500.0,30.02284049987793
2017-11-15,33.68121337890625,33.425048828125,33.47248458862305,33.54838562011719,13646100.0,30.005874633789062
2017-11-16,33.75711441040039,33.44402313232422,33.52941131591797,33.73814010620117,13625900.0,30.175582885742188
2017-11-17,33.67172622680664,33.36812210083008,33.55787658691406,33.55787658691406,15649300.0,30.014358520507812
2017-11-20,33.6337776184082,33.46299743652344,33.56736373901367,33.53889846801758,12455500.0,29.997386932373047
2017-11-21,33.89942932128906,33.56736373901367,33.58633804321289,33.71916580200195,13333100.0,30.158613204956055
2017-11-22,33.68121337890625,33.51043701171875,33.6337776184082,33.61479949951172,11123000.0,30.065269470214844
2017-11-24,33.73814010620117,33.55787658691406,33.69070053100586,33.67172622680664,6742800.0,30.116188049316406
2017-11-27,33.82352828979492,33.56736373901367,33.700191497802734,33.67172622680664,10848600.0,30.116188049316406
2017-11-28,34.05123519897461,33.700191497802734,33.7666015625,34.013282775878906,13687000.0,30.421676635742188
2017-11-29,34.544593811035156,34.041744232177734,34.098670959472656,34.35483932495117,16122800.0,30.7271671295166
2017-11-30,34.61100387573242,34.23149871826172,34.35483932495117,34.402278900146484,24063700.0,30.769594192504883
2017-12-01,34.629981994628906,34.16508483886719,34.43074035644531,34.487667083740234,19588500.0,30.845972061157227
2017-12-04,34.743831634521484,34.20303726196289,34.6204948425293,34.2125244140625,14847500.0,30.599876403808594
2017-12-05,34.33586502075195,33.69070053100586,34.07969665527344,33.8045539855957,23525900.0,30.234987258911133
2017-12-06,34.041744232177734,33.69070053100586,33.75711441040039,33.73814010620117,18317700.0,30.175582885742188
2017-12-07,33.81404113769531,33.34914779663086,33.73814010620117,33.68121337890625,16661400.0,30.124670028686523
2017-12-08,33.937381744384766,33.51043701171875,33.51043701171875,33.90892028808594,15705800.0,30.328336715698242
2017-12-11,34.402278900146484,33.861480712890625,34.19355010986328,34.35483932495117,15138500.0,30.7271671295166
2017-12-12,34.93358612060547,34.39278793334961,34.497154235839844,34.70588302612305,23700100.0,31.041139602661133
2017-12-13,34.91461181640625,34.60151672363281,34.69639587402344,34.76280975341797,16639700.0,31.092060089111328
2017-12-14,35.0,34.478179931640625,34.84819793701172,34.5920295715332,15585400.0,30.93931007385254
2017-12-15,35.32258224487305,34.8292236328125,34.89563751220703,35.29411697387695,39820000.0,31.567256927490234
2017-12-18,35.436431884765625,35.16128921508789,35.31309127807617,35.22770309448242,17670400.0,31.507862091064453
2017-12-19,35.32258224487305,34.99051284790039,35.29411697387695,35.04743957519531,14817700.0,31.346630096435547
2017-12-20,35.23719024658203,34.554080963134766,35.09487533569336,34.5920295715332,15914600.0,30.93931007385254
2017-12-21,34.724857330322266,34.33586502075195,34.667930603027344,34.38330078125,15566900.0,30.75262451171875
2017-12-22,34.51612854003906,34.20303726196289,34.411766052246094,34.28842544555664,9063600.0,30.667766571044922
2017-12-26,34.411766052246094,34.108158111572266,34.24098587036133,34.35483932495117,11480600.0,30.7271671295166
2017-12-27,34.5920295715332,34.37381362915039,34.44971466064453,34.46868896484375,8769000.0,30.828994750976562
2017-12-28,34.658443450927734,34.39278793334961,34.497154235839844,34.50664138793945,6939400.0,30.86293601989746
2017-12-29,34.6204948425293,34.36432647705078,34.37381362915039,34.36432647705078,12038300.0,30.735658645629883
2018-01-02,34.648956298828125,34.38330078125,34.51612854003906,34.573055267333984,17059800.0,30.922344207763672
2018-01-03,34.886146545410156,34.37381362915039,34.582542419433594,34.8292236328125,14183200.0,31.15146255493164
2018-01-04,35.02846145629883,34.724857330322266,34.8292236328125,34.90512466430664,13046500.0,31.219345092773438
2018-01-05,34.99051284790039,34.734344482421875,34.93358612060547,34.97153854370117,13167500.0,31.27874755859375
2018-01-08,34.91461181640625,34.46868896484375,34.83871078491211,34.582542419433594,19964300.0,30.93082618713379
2018-01-09,34.76280975341797,34.497154235839844,34.573055267333984,34.544593811035156,16876200.0,30.896879196166992
2018-01-10,34.734344482421875,34.44971466064453,34.478179931640625,34.60151672363281,18755800.0,30.947797775268555
2018-01-11,34.819732666015625,34.554080963134766,34.76280975341797,34.68690872192383,15102600.0,31.024166107177734
2018-01-12,34.91461181640625,34.5920295715332,34.753318786621094,34.667930603027344,20240700.0,31.0071964263916
2018-01-16,35.08538818359375,34.60151672363281,34.69639587402344,34.724857330322266,30536700.0,31.05811309814453
2018-01-17,35.455406188964844,34.886146545410156,34.93358612060547,35.275142669677734,25332400.0,31.55029296875
2018-01-18,35.265655517578125,34.819732666015625,35.265655517578125,35.09487533569336,19946500.0,31.389057159423828
2018-01-19,35.370018005371094,34.629981994628906,35.284629821777344,35.04743957519531,31133700.0,31.346630096435547
2018-01-22,35.1707763671875,34.84819793701172,35.0,35.0379524230957,21380500.0,31.338146209716797
2018-01-23,35.180267333984375,34.667930603027344,34.93358612060547,34.93358612060547,18527200.0,31.244802474975586
2018-01-24,35.1707763671875,34.84819793701172,35.09487533569336,35.0379524230957,18673200.0,31.338146209716797
2018-01-25,35.426944732666016,35.00948715209961,35.07590103149414,35.32258224487305,18988200.0,31.59272003173828
2018-01-26,37.08728790283203,35.38899612426758,35.38899612426758,37.01138687133789,51441400.0,33.10319519042969
2018-01-29,37.40986633300781,36.7836799621582,37.001895904541016,37.0208740234375,36779000.0,33.1116828918457
2018-01-30,36.764705657958984,35.436431884765625,36.25237274169922,35.86337661743164,48483700.0,32.076416015625
2018-01-31,36.043643951416016,34.94307327270508,35.977230072021484,35.14231491088867,35859900.0,31.431486129760742
2018-02-01,35.48387145996094,34.734344482421875,34.734344482421875,34.94307327270508,29697900.0,31.542821884155273
2018-02-02,35.341556549072266,34.639469146728516,34.724857330322266,34.734344482421875,25588900.0,31.354406356811523
2018-02-05,34.819732666015625,32.25806427001953,34.61100387573242,32.89373779296875,42463700.0,29.69290542602539
2018-02-06,33.66223907470703,32.25806427001953,32.40986633300781,33.47248458862305,56035100.0,30.215333938598633
2018-02-07,33.82352828979492,33.178367614746094,33.330169677734375,33.1878547668457,30956000.0,29.958404541015625
2018-02-08,33.36812210083008,31.878557205200195,33.20683288574219,31.907020568847656,45850800.0,28.802204132080078
2018-02-09,32.66603469848633,31.499052047729492,32.438331604003906,32.40986633300781,49851800.0,29.256118774414062
2018-02-12,33.083492279052734,32.28652572631836,32.68500900268555,32.88425064086914,38743700.0,29.684341430664062
2018-02-13,33.235294342041016,32.64706039428711,32.79886245727539,33.149906158447266,21559600.0,29.924148559570312
2018-02-14,33.52941131591797,32.78937530517578,32.92219924926758,33.3870964050293,24494700.0,30.13825225830078
2018-02-15,33.89942932128906,33.28273391723633,33.55787658691406,33.880455017089844,22588400.0,30.583608627319336
2018-02-16,34.78178405761719,33.851993560791016,33.927894592285156,34.402278900146484,27659600.0,31.054651260375977
2018-02-20,34.6204948425293,34.041744232177734,34.1745719909668,34.16508483886719,27202400.0,30.840543746948242
2018-02-21,34.715370178222656,33.89942932128906,34.12713623046875,33.927894592285156,25872300.0,30.626426696777344
2018-02-22,34.29791259765625,33.785579681396484,34.032257080078125,33.90892028808594,23983500.0,30.609304428100586
2018-02-23,34.44022750854492,33.99430847167969,34.08918380737305,34.402278900146484,17940000.0,31.054651260375977
2018-02-26,35.30360412597656,34.35483932495117,34.43074035644531,35.189754486083984,25407300.0,31.7655029296875
2018-02-27,35.332069396972656,34.85768508911133,35.1707763671875,34.91461181640625,23543100.0,31.517127990722656
2018-02-28,35.370018005371094,34.44971466064453,35.13282775878906,34.44971466064453,28360900.0,31.097475051879883
2018-03-01,34.411766052246094,33.396583557128906,34.26945114135742,33.8045539855957,30282900.0,30.515090942382812
2018-03-02,34.22201156616211,33.58633804321289,33.72865295410156,34.108158111572266,22271300.0,30.789152145385742
2018-03-05,34.4212532043457,33.937381744384766,33.98482131958008,34.26945114135742,22319600.0,30.93474769592285
2018-03-06,34.38330078125,33.91840744018555,34.38330078125,34.041744232177734,18003500.0,30.72920036315918
2018-03-07,34.23149871826172,33.72865295410156,33.776092529296875,34.08918380737305,23440300.0,30.772022247314453
2018-03-08,34.629981994628906,34.08918380737305,34.14611053466797,34.629981994628906,21646600.0,31.26019859313965
2018-03-09,35.02846145629883,34.658443450927734,34.734344482421875,34.886146545410156,19300700.0,31.491439819335938
2018-03-12,35.10436248779297,34.629981994628906,35.02846145629883,34.734344482421875,26571700.0,31.354406356811523
2018-03-13,35.06641387939453,34.563568115234375,34.91461181640625,34.86717224121094,29560700.0,31.47430419921875
2018-03-14,35.09487533569336,34.32637405395508,34.95256042480469,34.487667083740234,23378500.0,31.131736755371094
2018-03-15,34.92409896850586,34.487667083740234,34.487667083740234,34.70588302612305,20508300.0,31.328712463378906
2018-03-16,35.14231491088867,34.743831634521484,34.76280975341797,34.89563751220703,34125300.0,31.500003814697266
2018-03-19,34.91461181640625,34.23149871826172,34.91461181640625,34.46868896484375,20003800.0,31.11460304260254
2018-03-20,34.67741775512695,34.26945114135742,34.50664138793945,34.46868896484375,20295800.0,31.11460304260254
2018-03-21,34.84819793701172,34.34535217285156,34.6204948425293,34.411766052246094,19071400.0,31.063217163085938
2018-03-22,34.28842544555664,33.65275192260742,34.184059143066406,33.776092529296875,22094700.0,30.489398956298828
2018-03-23,33.68121337890625,32.67552185058594,33.67172622680664,32.72296142578125,29385700.0,29.538747787475586
2018-03-26,33.34914779663086,32.561668395996094,33.140419006347656,33.244781494140625,24926500.0,30.00978660583496
2018-03-27,33.73814010620117,32.998104095458984,33.37760925292969,33.2163200378418,28835200.0,29.98409652709961
2018-03-28,33.9753303527832,33.320682525634766,33.37760925292969,33.49146270751953,26349700.0,30.23246955871582
2018-03-29,33.842506408691406,33.27324295043945,33.700191497802734,33.67172622680664,24804700.0,30.395193099975586
2018-04-02,33.90892028808594,32.9791259765625,33.60531234741211,33.254268646240234,28323300.0,30.01835823059082
2018-04-03,33.90892028808594,33.13092803955078,33.311195373535156,33.851993560791016,21347900.0,30.55791664123535
2018-04-04,34.37381362915039,33.43453598022461,33.51043701171875,34.27893829345703,22010700.0,30.943315505981445
2018-04-05,34.15559768676758,33.709678649902344,33.842506408691406,33.89942932128906,25781800.0,30.600738525390625
2018-04-06,34.032257080078125,33.10246658325195,33.73814010620117,33.36812210083008,22288200.0,30.12112808227539
2018-04-09,34.08918380737305,33.41556167602539,33.49146270751953,33.64326477050781,20457300.0,30.369497299194336
2018-04-10,34.25047302246094,33.88994216918945,34.15559768676758,34.108158111572266,20667300.0,30.789152145385742
2018-04-11,34.22201156616211,33.7666015625,33.89942932128906,33.956356048583984,13879900.0,30.652124404907227
2018-04-12,34.629981994628906,34.12713623046875,34.184059143066406,34.45920181274414,23818000.0,31.106035232543945
2018-04-13,34.629981994628906,34.27893829345703,34.544593811035156,34.45920181274414,17774300.0,31.106035232543945
2018-04-16,34.84819793701172,34.52561569213867,34.629981994628906,34.658443450927734,15932400.0,31.285890579223633
2018-04-17,34.89563751220703,34.411766052246094,34.86717224121094,34.46868896484375,17675600.0,31.11460304260254
2018-04-18,34.715370178222656,34.4212532043457,34.51612854003906,34.6204948425293,14652500.0,31.251636505126953
2018-04-19,34.810245513916016,34.411766052246094,34.52561569213867,34.658443450927734,16636700.0,31.285890579223633
2018-04-20,34.90512466430664,34.60151672363281,34.629981994628906,34.753318786621094,22372000.0,31.371532440185547
2018-04-23,35.0,34.724857330322266,34.7912712097168,34.91461181640625,25381100.0,31.517127990722656
2018-04-24,35.360530853271484,34.886146545410156,35.01897430419922,35.16128921508789,27106400.0,31.739810943603516
2018-04-25,35.14231491088867,34.639469146728516,35.02846145629883,34.800758361816406,27730200.0,31.41436195373535
2018-04-26,35.199241638183594,34.86717224121094,34.91461181640625,34.9620475769043,20405700.0,31.559947967529297
2018-04-27,35.2087287902832,34.819732666015625,34.89563751220703,35.10436248779297,14425100.0,31.688417434692383
2018-04-30,35.275142669677734,34.53510284423828,35.22770309448242,34.734344482421875,28295800.0,31.354406356811523
2018-05-01,34.20303726196289,32.86527633666992,33.75711441040039,33.58633804321289,51278200.0,30.3181095123291
2018-05-02,33.55787658691406,32.96015167236328,33.36812210083008,33.10246658325195,29550300.0,29.881322860717773
2018-05-03,33.092979431152344,32.65654754638672,33.03605270385742,32.9791259765625,23517900.0,29.769981384277344
2018-05-04,33.19734191894531,32.609107971191406,32.78937530517578,33.05502700805664,19795900.0,29.838502883911133
2018-05-07,33.330169677734375,32.93169021606445,33.007591247558594,33.140419006347656,21580000.0,29.915584564208984
2018-05-08,33.29222106933594,32.93169021606445,33.12144088745117,33.1878547668457,28269700.0,29.958404541015625
2018-05-09,33.5958251953125,33.083492279052734,33.225807189941406,33.36812210083008,20430200.0,30.12112808227539
2018-05-10,33.50094985961914,33.10246658325195,33.20683288574219,33.244781494140625,30906700.0,30.302736282348633
2018-05-11,33.73814010620117,33.27324295043945,33.330169677734375,33.68121337890625,21620000.0,30.700544357299805
2018-05-14,34.07969665527344,33.67172622680664,33.69070053100586,34.022769927978516,21485100.0,31.011873245239258
2018-05-15,33.946868896484375,33.66223907470703,33.69070053100586,33.861480712890625,19345600.0,30.864858627319336
2018-05-16,34.041744232177734,33.74762725830078,33.89942932128906,33.851993560791016,21870700.0,30.856212615966797
2018-05-17,33.946868896484375,33.62428665161133,33.8045539855957,33.880455017089844,13021400.0,30.882158279418945
2018-05-18,33.91840744018555,33.61479949951172,33.785579681396484,33.81404113769531,15734600.0,30.821617126464844
2018-05-21,34.032257080078125,33.700191497802734,33.880455017089844,33.965843200683594,17802900.0,30.95998764038086
2018-05-22,34.24098587036133,33.861480712890625,33.965843200683594,33.88994216918945,14477300.0,30.890804290771484
2018-05-23,34.184059143066406,33.8045539855957,33.851993560791016,34.12713623046875,20358600.0,31.10700798034668
2018-05-24,34.24098587036133,33.937381744384766,34.117645263671875,34.05123519897461,17523100.0,31.037822723388672
2018-05-25,34.07969665527344,33.71916580200195,33.98482131958008,33.851993560791016,15005400.0,30.856212615966797
2018-05-29,33.89942932128906,33.51043701171875,33.55787658691406,33.870967864990234,28179600.0,30.87350845336914
2018-05-30,34.39278793334961,34.06072235107422,34.108158111572266,34.20303726196289,29093800.0,31.176198959350586
2018-05-31,34.34535217285156,34.05123519897461,34.108158111572266,34.08918380737305,30926500.0,31.07241439819336
2018-06-01,34.4212532043457,34.25996017456055,34.402278900146484,34.39278793334961,22345000.0,31.349153518676758
2018-06-04,34.68690872192383,34.37381362915039,34.544593811035156,34.582542419433594,19015300.0,31.522111892700195
2018-06-05,34.76280975341797,34.478179931640625,34.639469146728516,34.573055267333984,21476100.0,31.513463973999023
2018-06-06,34.69639587402344,34.33586502075195,34.53510284423828,34.51612854003906,19368100.0,31.461572647094727
2018-06-07,34.715370178222656,34.50664138793945,34.6204948425293,34.6204948425293,17083300.0,31.556705474853516
2018-06-08,34.8292236328125,34.582542419433594,34.658443450927734,34.7912712097168,16453800.0,31.71236801147461
2018-06-11,34.91461181640625,34.4212532043457,34.91461181640625,34.44022750854492,19505600.0,31.39238929748535
2018-06-12,34.53510284423828,34.29791259765625,34.52561569213867,34.44022750854492,16371900.0,31.39238929748535
2018-06-13,34.639469146728516,34.34535217285156,34.50664138793945,34.36432647705078,16029200.0,31.323213577270508
2018-06-14,34.52561569213867,34.20303726196289,34.36432647705078,34.30739974975586,19959400.0,31.271318435668945
2018-06-15,34.52561569213867,34.184059143066406,34.33586502075195,34.497154235839844,49157000.0,31.44428062438965
2018-06-18,34.36432647705078,33.89942932128906,34.27893829345703,34.30739974975586,24143500.0,31.271318435668945
2018-06-19,34.497154235839844,34.032257080078125,34.05123519897461,34.36432647705078,18484600.0,31.323213577270508
2018-06-20,34.70588302612305,34.35483932495117,34.43074035644531,34.5920295715332,21354300.0,31.53076171875
2018-06-21,34.497154235839844,34.29791259765625,34.411766052246094,34.44022750854492,16893100.0,31.39238929748535
2018-06-22,34.76280975341797,34.53510284423828,34.6204948425293,34.639469146728516,27018400.0,31.57400131225586
2018-06-25,34.5920295715332,34.28842544555664,34.45920181274414,34.51612854003906,20424500.0,31.461572647094727
2018-06-26,34.715370178222656,34.44022750854492,34.53510284423828,34.51612854003906,25435000.0,31.461572647094727
2018-06-27,34.67741775512695,34.32637405395508,34.44022750854492,34.35483932495117,29396200.0,31.314559936523438
2018-06-28,34.6204948425293,34.25996017456055,34.25996017456055,34.497154235839844,16506200.0,31.44428062438965
2018-06-29,34.70588302612305,34.4212532043457,34.582542419433594,34.4212532043457,20974700.0,31.375097274780273
2018-07-02,34.50664138793945,34.15559768676758,34.15559768676758,34.46868896484375,14556400.0,31.4183292388916
2018-07-03,34.70588302612305,34.38330078125,34.52561569213867,34.487667083740234,9608200.0,31.435636520385742
2018-07-05,35.01897430419922,34.639469146728516,34.667930603027344,34.98102569580078,20391100.0,31.885334014892578
2018-07-06,35.332069396972656,34.99051284790039,35.10436248779297,35.2087287902832,18955500.0,32.0928840637207
2018-07-09,35.55028533935547,35.113853454589844,35.360530853271484,35.256168365478516,22329400.0,32.13612747192383
2018-07-10,35.5787467956543,35.29411697387695,35.38899612426758,35.512332916259766,20253900.0,32.3696174621582
2018-07-11,35.49335861206055,35.256168365478516,35.341556549072266,35.30360412597656,17795300.0,32.17936706542969
2018-07-12,35.63567352294922,35.30360412597656,35.49335861206055,35.597721099853516,16974900.0,32.447452545166016
2018-07-13,35.66413497924805,35.31309127807617,35.5787467956543,35.60721206665039,15227200.0,32.45610046386719
2018-07-16,35.62618637084961,35.3795051574707,35.55977249145508,35.46489715576172,17888700.0,32.326377868652344
2018-07-17,35.83491516113281,35.53131103515625,35.54079818725586,35.72106170654297,15740000.0,32.559879302978516
2018-07-18,35.79696273803711,35.55977249145508,35.66413497924805,35.73054885864258,20803400.0,32.56851577758789
2018-07-19,35.67362594604492,35.39848327636719,35.53131103515625,35.445919036865234,16596800.0,32.309078216552734
2018-07-20,35.417457580566406,35.21821594238281,35.29411697387695,35.417457580566406,15532800.0,32.283145904541016
2018-07-23,35.588233947753906,35.23719024658203,35.426944732666016,35.30360412597656,20853100.0,32.17936706542969
2018-07-24,35.815940856933594,35.360530853271484,35.455406188964844,35.76850128173828,17804800.0,32.603118896484375
2018-07-25,36.119544982910156,35.63567352294922,35.74003982543945,36.043643951416016,17171000.0,32.85390853881836
2018-07-26,36.4041748046875,36.09107971191406,36.09107971191406,36.204933166503906,24840600.0,33.00092697143555
2018-07-27,36.50853729248047,36.119544982910156,36.148006439208984,36.44212341308594,22112000.0,33.217124938964844
2018-07-30,36.69829177856445,36.223907470703125,36.39468765258789,36.6129035949707,21981500.0,33.3727912902832
2018-07-31,37.94117736816406,36.18595886230469,36.25237274169922,37.88425064086914,50837400.0,34.53163528442383
2018-08-01,38.254268646240234,37.51423263549805,37.5996208190918,38.20683288574219,32734600.0,34.825660705566406
2018-08-02,38.159393310546875,37.50474548339844,37.59013366699219,37.618595123291016,31879300.0,34.581451416015625
2018-08-03,38.57685089111328,37.466793060302734,37.59013366699219,38.46299743652344,27368400.0,35.35768508911133
2018-08-06,39.108158111572266,38.263755798339844,38.29222106933594,38.937381744384766,27479600.0,35.79377365112305
2018-08-07,39.13662338256836,38.700191497802734,38.75711441040039,38.74762725830078,18928600.0,35.61933898925781
2018-08-08,39.50664138793945,38.50094985961914,38.62428665161133,39.28842544555664,25837400.0,36.11647033691406
2018-08-09,39.25047302246094,38.71916580200195,39.184059143066406,38.89942932128906,20121300.0,35.758880615234375
2018-08-10,39.19355010986328,38.61479949951172,38.71916580200195,38.83301544189453,18194100.0,35.69782638549805
2018-08-13,39.098670959472656,38.71916580200195,38.851993560791016,38.71916580200195,19860600.0,35.593170166015625
2018-08-14,38.937381744384766,38.46299743652344,38.74762725830078,38.62428665161133,17336800.0,35.50594711303711
2018-08-15,39.12713623046875,38.56736373901367,38.709678649902344,39.05123519897461,22428500.0,35.89842987060547
2018-08-16,39.34535217285156,38.965843200683594,39.117645263671875,39.29791259765625,16457500.0,36.12519454956055
2018-08-17,40.02846145629883,39.34535217285156,39.35483932495117,39.93358612060547,25910700.0,36.70954895019531
2018-08-20,40.5787467956543,39.93358612060547,40.0379524230957,40.16128921508789,22521000.0,36.91886520385742
2018-08-21,40.265655517578125,39.83871078491211,40.16128921508789,40.0,18633200.0,36.770591735839844
2018-08-22,40.1707763671875,39.667930603027344,39.99051284790039,39.91461181640625,15001700.0,36.692100524902344
2018-08-23,40.15180206298828,39.810245513916016,39.95256042480469,40.0379524230957,21032100.0,36.80548858642578
2018-08-24,40.31309127807617,39.84819793701172,40.256168365478516,40.22770309448242,21661700.0,36.979915618896484
2018-08-27,40.436431884765625,39.19355010986328,40.341556549072266,39.44971466064453,24485900.0,36.26474380493164
2018-08-28,39.639469146728516,39.20303726196289,39.478179931640625,39.37381362915039,19871700.0,36.194969177246094
2018-08-29,39.487667083740234,39.06072235107422,39.37381362915039,39.37381362915039,15785000.0,36.194969177246094
2018-08-30,39.76280975341797,39.08918380737305,39.117645263671875,39.37381362915039,16015400.0,36.194969177246094
2018-08-31,39.44971466064453,38.98482131958008,39.1745719909668,39.39278793334961,20983600.0,36.21240997314453
2018-09-04,39.4212532043457,39.108158111572266,39.35483932495117,39.25047302246094,15274800.0,36.08158493041992
2018-09-05,39.77229690551758,39.14611053466797,39.1745719909668,39.70588302612305,21819900.0,36.500221252441406
2018-09-06,39.76280975341797,39.32637405395508,39.70588302612305,39.639469146728516,18356800.0,36.439170837402344
2018-09-07,40.180267333984375,39.33586502075195,39.45920181274414,40.0379524230957,21221700.0,36.80548858642578
2018-09-10,40.53131103515625,39.89563751220703,40.2087287902832,39.90512466430664,21482200.0,36.683380126953125
2018-09-11,40.256168365478516,39.800758361816406,39.84819793701172,40.14231491088867,19658800.0,36.90142059326172
2018-09-12,40.597721099853516,40.113853454589844,40.13282775878906,40.23719024658203,17508200.0,36.98863220214844
2018-09-13,40.72106170654297,40.256168365478516,40.32258224487305,40.65464782714844,18666100.0,37.37239074707031
2018-09-14,40.79696273803711,40.32258224487305,40.55977249145508,40.75901412963867,16800700.0,37.46833038330078
2018-09-17,40.967742919921875,40.55028533935547,40.815940856933594,40.80644989013672,16904300.0,37.511932373046875
2018-09-18,41.44212341308594,40.63567352294922,40.79696273803711,41.28083419799805,20465000.0,37.94802474975586
2018-09-19,41.44212341308594,40.7874755859375,41.1954460144043,41.043643951416016,23783100.0,37.72998046875
2018-09-20,41.63187789916992,41.129032135009766,41.148006439208984,41.50853729248047,18419800.0,38.157344818115234
2018-09-21,41.935482025146484,41.37571334838867,41.53700256347656,41.80265808105469,37092600.0,38.42771911621094
2018-09-24,42.18216323852539,41.58443832397461,41.688804626464844,41.679317474365234,18089600.0,38.314334869384766
2018-09-25,42.0208740234375,41.518028259277344,41.86907196044922,41.54648971557617,15318500.0,38.19222640991211
2018-09-26,42.03984832763672,41.4041748046875,41.593929290771484,41.44212341308594,18384800.0,38.096290588378906
2018-09-27,41.916507720947266,41.44212341308594,41.54648971557617,41.65085220336914,14887400.0,38.28816604614258
2018-09-28,41.87855911254883,41.48956298828125,41.679317474365234,41.8121452331543,15454600.0,38.436431884765625
2018-10-01,42.23908996582031,41.660343170166016,41.774192810058594,42.001895904541016,16872500.0,38.610870361328125
2018-10-02,42.11574935913086,41.86907196044922,41.94497299194336,41.95446014404297,18167700.0,38.5672607421875
2018-10-03,42.542694091796875,42.01138687133789,42.01138687133789,42.51423263549805,23957600.0,39.081844329833984
2018-10-04,42.49525451660156,42.0208740234375,42.24857711791992,42.40986633300781,18960400.0,38.985904693603516
2018-10-05,42.694496154785156,42.31499099731445,42.41935348510742,42.609107971191406,18112600.0,39.1690673828125
2018-10-08,42.998104095458984,42.40986633300781,42.457305908203125,42.96015167236328,24679600.0,39.49176025390625
2018-10-09,43.46299743652344,42.49525451660156,42.68500900268555,43.140419006347656,21486800.0,39.65747833251953
2018-10-10,43.3870964050293,42.20113754272461,43.12144088745117,42.2296028137207,33746200.0,38.820194244384766
2018-10-11,42.21062469482422,40.22770309448242,42.08728790283203,40.61669921875,44299200.0,37.33749771118164
2018-10-12,41.70777893066406,40.455406188964844,40.5787467956543,41.53700256347656,30417100.0,38.183509826660156
2018-10-15,41.47058868408203,40.77798843383789,41.41366195678711,40.91081619262695,24002700.0,37.607879638671875
2018-10-16,41.72675704956055,40.83491516113281,41.129032135009766,41.679317474365234,22353700.0,38.314334869384766
2018-10-17,42.50474548339844,41.50853729248047,41.52751541137695,42.28652572631836,23154200.0,38.87252426147461
2018-10-18,42.220115661621094,41.47058868408203,42.06830978393555,41.745731353759766,22498400.0,38.3753776550293
2018-10-19,42.533206939697266,41.72675704956055,41.79316711425781,42.220115661621094,19564900.0,38.81146240234375
2018-10-22,42.2296028137207,41.764705657958984,42.16318893432617,42.09677505493164,18026900.0,38.69809341430664
2018-10-23,42.04933547973633,41.45161437988281,41.64136505126953,41.840606689453125,23073100.0,38.46259689331055
2018-10-24,42.0208740234375,40.189754486083984,41.56546401977539,40.30360412597656,36927200.0,37.04969024658203
2018-10-25,41.688804626464844,39.52561569213867,40.21821594238281,41.18595886230469,38600600.0,37.860809326171875
2018-10-26,41.062618255615234,40.01897430419922,40.84440231323242,40.417457580566406,30295300.0,37.154354095458984
2018-10-29,41.44212341308594,40.3795051574707,40.74952697753906,41.01517868041992,31847600.0,37.70381164550781
2018-10-30,40.882354736328125,39.639469146728516,39.800758361816406,40.69260025024414,35424200.0,37.40727233886719
2018-10-31,41.42314910888672,40.521820068359375,40.80644989013672,40.85388946533203,28193200.0,37.555545806884766
2018-11-01,41.58443832397461,40.882354736328125,40.986717224121094,41.43263626098633,24278200.0,38.08757400512695
2018-11-02,41.593929290771484,40.30360412597656,41.518028259277344,40.73054885864258,24223000.0,37.442161560058594
2018-11-05,41.38520050048828,40.63567352294922,40.63567352294922,41.290321350097656,21628400.0,37.95674514770508
2018-11-06,41.35673522949219,40.502845764160156,41.34724807739258,40.80644989013672,22194200.0,37.511932373046875
2018-11-07,42.27703857421875,41.072105407714844,41.157493591308594,42.12523651123047,36794900.0,38.7242546081543
2018-11-08,41.935482025146484,41.24288558959961,41.6129035949707,41.603416442871094,25696500.0,38.53968811035156
2018-11-09,42.32447814941406,41.48007583618164,41.48007583618164,42.01138687133789,26042700.0,38.91761016845703
2018-11-12,42.26755142211914,41.65085220336914,42.01138687133789,41.850093841552734,21853800.0,38.7681999206543
2018-11-13,42.18216323852539,41.129032135009766,42.05882263183594,41.290321350097656,20159000.0,38.24964904785156
2018-11-14,41.603416442871094,40.521820068359375,41.518028259277344,40.71157455444336,28398900.0,37.71352005004883
2018-11-15,41.16698455810547,40.180267333984375,40.512332916259766,40.9962043762207,25936300.0,37.97718811035156
2018-11-16,41.53700256347656,40.71157455444336,40.891841888427734,41.28083419799805,24604600.0,38.2408561706543
2018-11-19,42.001895904541016,41.28083419799805,41.38520050048828,41.916507720947266,23671600.0,38.82971954345703
2018-11-20,42.11574935913086,41.17647171020508,41.755218505859375,41.299808502197266,22968600.0,38.2584342956543
2018-11-21,41.27134704589844,40.5787467956543,41.27134704589844,40.891841888427734,19665800.0,37.88050842285156
2018-11-23,41.31878662109375,40.60721206665039,40.74952697753906,40.92979049682617,8844000.0,37.91566848754883
2018-11-26,41.26185989379883,40.68311309814453,41.10057067871094,41.119544982910156,20147900.0,38.09144973754883
2018-11-27,41.88804626464844,40.76850128173828,40.986717224121094,41.8121452331543,19765900.0,38.733036041259766
2018-11-28,42.618595123291016,41.840606689453125,42.0208740234375,42.5996208190918,19892700.0,39.462528228759766
2018-11-29,43.481971740722656,42.40986633300781,42.466793060302734,43.178367614746094,26065300.0,39.99864959716797
2018-11-30,43.88994216918945,42.96015167236328,43.02656555175781,43.861480712890625,45054500.0,40.631465911865234
2018-12-03,44.0037956237793,43.41556167602539,43.99430847167969,43.6337776184082,26771200.0,40.42052459716797
2018-12-04,44.08918380737305,42.79886245727539,43.861480712890625,42.82732391357422,28703900.0,39.6734619140625
2018-12-06,42.68500900268555,41.38520050048828,42.296016693115234,42.67552185058594,32188500.0,39.532840728759766
2018-12-07,42.637569427490234,41.44212341308594,42.523719787597656,41.669830322265625,27963900.0,38.60120391845703
2018-12-10,42.27703857421875,40.86337661743164,41.87855911254883,42.12523651123047,26187900.0,39.0230827331543
2018-12-11,42.2296028137207,41.33776092529297,41.821632385253906,41.755218505859375,23904900.0,38.68030548095703
2018-12-12,42.552181243896484,41.88804626464844,42.07780075073242,41.89753341674805,20180900.0,38.81214141845703
2018-12-13,42.5996208190918,41.94497299194336,42.18216323852539,42.28652572631836,23613900.0,39.172489166259766
2018-12-14,41.859580993652344,41.204933166503906,41.821632385253906,41.55597686767578,33025000.0,38.49574279785156
2018-12-17,41.71726608276367,40.77798843383789,41.27134704589844,40.901329040527344,38651900.0,37.88929748535156
2018-12-18,41.27134704589844,39.886146545410156,41.24288558959961,40.22770309448242,31125800.0,37.265281677246094
2018-12-19,40.7874755859375,39.43074035644531,40.63567352294922,39.819732666015625,36938000.0,36.88734817504883
2018-12-20,40.23719024658203,39.402278900146484,39.573055267333984,39.800758361816406,34494700.0,36.869773864746094
2018-12-21,40.67362594604492,39.32637405395508,39.50664138793945,39.78178405761719,61928200.0,36.852195739746094
2018-12-24,39.810245513916016,38.44402313232422,39.667930603027344,38.47248458862305,19778200.0,35.639320373535156
2018-12-26,40.0379524230957,38.34914779663086,38.57685089111328,40.02846145629883,25437100.0,37.08071517944336
2018-12-27,40.65464782714844,39.14611053466797,39.667930603027344,40.65464782714844,28894700.0,37.66078186035156
2018-12-28,41.30929946899414,40.61669921875,40.815940856933594,40.75901412963867,25481000.0,37.75746536254883
2018-12-31,41.48956298828125,40.891841888427734,40.9962043762207,41.41366195678711,20534000.0,38.36390686035156
2019-01-02,41.27134704589844,40.455406188964844,40.91081619262695,41.034156799316406,26430300.0,38.0123405456543
2019-01-03,41.119544982910156,39.800758361816406,41.0246696472168,39.886146545410156,28503500.0,36.948875427246094
2019-01-04,41.129032135009766,40.09487533569336,40.265655517578125,40.79696273803711,27145300.0,37.79262161254883
2019-01-07,41.38520050048828,40.66413497924805,40.86337661743164,41.01517868041992,20995500.0,37.99476623535156
2019-01-08,41.46110153198242,40.93927764892578,41.32827377319336,41.204933166503906,19677200.0,38.17054748535156
2019-01-09,41.43263626098633,40.986717224121094,41.2333984375,41.119544982910156,20107600.0,38.09144973754883
2019-01-10,41.01517868041992,39.87665939331055,41.00569152832031,40.14231491088867,39731200.0,37.18617630004883
2019-01-11,40.68311309814453,39.99051284790039,40.16128921508789,40.68311309814453,21064500.0,37.687156677246094
2019-01-14,40.445919036865234,40.00948715209961,40.370018005371094,40.199241638183594,17605200.0,37.238914489746094
2019-01-15,41.0246696472168,40.256168365478516,40.417457580566406,40.54079818725586,25865400.0,37.555320739746094
2019-01-16,40.597721099853516,39.87665939331055,40.4079704284668,39.95256042480469,30169400.0,37.01040267944336
2019-01-17,40.47438430786133,39.68690872192383,39.800758361816406,40.29411697387695,24177300.0,37.326805114746094
2019-01-18,40.68311309814453,40.09487533569336,40.66413497924805,40.351043701171875,38618500.0,37.37954330444336
2019-01-22,40.502845764160156,39.78178405761719,40.23719024658203,40.10436248779297,29444100.0,37.151023864746094
2019-01-23,40.0379524230957,39.4212532043457,39.83871078491211,40.0,24462800.0,37.05434799194336
2019-01-24,39.648956298828125,38.53889846801758,39.639469146728516,38.851993560791016,34394000.0,35.990875244140625
2019-01-25,39.13662338256836,38.43453598022461,38.99430847167969,38.55787658691406,35862500.0,35.718421936035156
2019-01-28,38.45351028442383,37.457305908203125,38.425048828125,37.50474548339844,39329700.0,34.74284362792969
2019-01-29,38.75711441040039,37.447818756103516,37.476280212402344,38.68121337890625,51376800.0,35.83267593383789
2019-01-30,39.61100387573242,38.64326477050781,38.68121337890625,39.44971466064453,36067900.0,36.54458236694336
2019-01-31,40.436431884765625,39.23149871826172,39.25996017456055,40.275142669677734,40927500.0,37.63507843017578
2019-02-01,40.91081619262695,40.370018005371094,40.67362594604492,40.68311309814453,27239700.0,38.01630401611328
2019-02-04,40.64516067504883,39.810245513916016,40.64516067504883,40.265655517578125,19426500.0,37.6262092590332
2019-02-05,40.54079818725586,39.90512466430664,40.256168365478516,39.95256042480469,21127600.0,37.33364486694336
2019-02-06,40.199241638183594,39.648956298828125,39.77229690551758,40.16128921508789,16450400.0,37.5286865234375
2019-02-07,39.99051284790039,39.098670959472656,39.95256042480469,39.563568115234375,24248000.0,36.97014617919922
2019-02-08,40.07590103149414,39.36432647705078,39.402278900146484,40.06641387939453,27500100.0,37.440025329589844
2019-02-11,40.14231491088867,39.38330078125,40.113853454589844,39.544593811035156,27102100.0,36.952415466308594
2019-02-12,39.85768508911133,39.26945114135742,39.573055267333984,39.724857330322266,30540200.0,37.12085723876953
2019-02-13,39.90512466430664,39.26945114135742,39.77229690551758,39.563568115234375,24757200.0,36.97014617919922
2019-02-14,39.9620475769043,39.487667083740234,39.563568115234375,39.819732666015625,19864900.0,37.20952224731445
2019-02-15,40.332069396972656,39.92409896850586,40.2087287902832,40.22770309448242,19169000.0,37.59074020385742
2019-02-19,40.66413497924805,40.02846145629883,40.07590103149414,40.417457580566406,24433000.0,37.76805877685547
2019-02-20,40.3795051574707,39.78178405761719,40.351043701171875,40.0379524230957,27354900.0,37.41343688964844
2019-02-21,40.15180206298828,39.715370178222656,39.86717224121094,39.98102569580078,19611900.0,37.360233306884766
2019-02-22,40.92030334472656,40.05692672729492,40.13282775878906,40.75901412963867,24779300.0,38.08723449707031
2019-02-25,41.148006439208984,40.74003982543945,40.83491516113281,40.87286376953125,25274800.0,38.19361877441406
2019-02-26,41.01517868041992,40.60721206665039,40.75901412963867,40.815940856933594,16549000.0,38.14042282104492
2019-02-27,41.00569152832031,40.61669921875,40.77798843383789,40.73054885864258,16475100.0,38.060630798339844
2019-02-28,41.53700256347656,40.67362594604492,40.74952697753906,41.129032135009766,39002400.0,38.43299102783203
2019-03-01,41.54648971557617,41.072105407714844,41.37571334838867,41.138519287109375,26667800.0,38.441856384277344
2019-03-04,41.35673522949219,40.68311309814453,41.214420318603516,40.86337661743164,22805800.0,38.18474578857422
2019-03-05,41.034156799316406,40.65464782714844,40.882354736328125,40.69260025024414,26529800.0,38.02517318725586
2019-03-06,40.67362594604492,39.487667083740234,40.62618637084961,39.715370178222656,22410400.0,37.111995697021484
2019-03-07,39.743831634521484,39.13662338256836,39.715370178222656,39.26945114135742,29046100.0,36.69530487060547
2019-03-08,39.31688690185547,38.27324295043945,39.2125244140625,38.795066833496094,31306100.0,36.25202178955078
2019-03-11,39.39278793334961,38.709678649902344,38.99430847167969,39.37381362915039,29161500.0,36.79282760620117
2019-03-12,39.77229690551758,39.25047302246094,39.563568115234375,39.5920295715332,24170500.0,36.996742248535156
2019-03-13,39.97153854370117,39.4212532043457,39.724857330322266,39.85768508911133,23715300.0,37.2449836730957
2019-03-14,39.92409896850586,39.022769927978516,39.84819793701172,39.07969665527344,32119600.0,36.51799392700195
2019-03-15,39.734344482421875,38.7666015625,39.117645263671875,39.639469146728516,74768700.0,37.04106903076172
2019-03-18,39.91461181640625,39.51612854003906,39.629981994628906,39.667930603027344,18994300.0,37.06767272949219
2019-03-19,40.256168365478516,39.61100387573242,39.819732666015625,40.13282775878906,26403200.0,37.5020866394043
2019-03-20,40.22770309448242,39.639469146728516,40.0379524230957,40.00948715209961,23499000.0,37.386837005615234
2019-03-21,40.455406188964844,39.724857330322266,39.78178405761719,40.180267333984375,24262600.0,37.546417236328125
2019-03-22,40.436431884765625,39.68690872192383,40.0379524230957,39.70588302612305,19620100.0,37.10313034057617
2019-03-25,39.99051284790039,39.53510284423828,39.667930603027344,39.743831634521484,19823300.0,37.138587951660156
2019-03-26,40.512332916259766,39.97153854370117,40.0379524230957,40.246681213378906,20849300.0,37.60847854614258
2019-03-27,40.455406188964844,39.77229690551758,40.1707763671875,39.86717224121094,19455000.0,37.25384521484375
2019-03-28,40.199241638183594,39.90512466430664,40.01897430419922,40.12334060668945,16915500.0,37.493221282958984
2019-03-29,40.39848327636719,40.02846145629883,40.22770309448242,40.29411697387695,21681800.0,37.65280532836914
2019-04-01,40.74003982543945,40.370018005371094,40.39848327636719,40.64516067504883,20345000.0,37.9808349609375
2019-04-02,40.967742919921875,40.55028533935547,40.74952697753906,40.71157455444336,18625100.0,38.04290008544922
2019-04-03,40.86337661743164,40.370018005371094,40.7874755859375,40.64516067504883,16200400.0,37.9808349609375
2019-04-04,40.72106170654297,40.32258224487305,40.597721099853516,40.55028533935547,12991000.0,37.89218521118164
2019-04-05,41.062618255615234,40.69260025024414,40.77798843383789,40.7874755859375,15559000.0,38.11382293701172
2019-04-08,41.062618255615234,40.71157455444336,40.86337661743164,40.92979049682617,15410300.0,38.24681091308594
2019-04-09,40.79696273803711,40.39848327636719,40.77798843383789,40.64516067504883,18825100.0,37.9808349609375
2019-04-10,40.72106170654297,40.46489715576172,40.72106170654297,40.54079818725586,13202600.0,37.88331985473633
2019-04-11,40.63567352294922,39.83871078491211,40.597721099853516,40.10436248779297,20214900.0,37.47549057006836
2019-04-12,40.1707763671875,39.44971466064453,40.1707763671875,39.573055267333984,21338500.0,36.97901153564453
2019-04-15,39.9620475769043,39.34535217285156,39.715370178222656,39.93358612060547,18362800.0,37.3159065246582
2019-04-16,40.13282775878906,38.73814010620117,40.05692672729492,38.82352828979492,27507000.0,36.27861022949219
2019-04-17,38.89942932128906,37.371917724609375,38.8045539855957,37.83681106567383,42412100.0,35.3565788269043
2019-04-18,37.88425064086914,36.45161437988281,37.88425064086914,37.362430572509766,50579800.0,34.913291931152344
2019-04-22,37.476280212402344,36.821632385253906,37.03036117553711,36.9829216003418,31018900.0,34.55866241455078
2019-04-23,37.609107971191406,36.88804626464844,37.08728790283203,37.4003791809082,26672100.0,34.948753356933594
2019-04-24,37.609107971191406,37.15370178222656,37.476280212402344,37.35293960571289,21197000.0,34.9044303894043
2019-04-25,37.78937530517578,37.16318893432617,37.23908996582031,37.58064651489258,18130100.0,35.11720275878906
2019-04-26,37.94117736816406,37.42884063720703,37.637569427490234,37.92219924926758,20053200.0,35.43636703491211
2019-04-29,37.96963882446289,37.561668395996094,37.92219924926758,37.561668395996094,23229000.0,35.09946823120117
2019-04-30,39.07020950317383,37.76091003417969,38.330169677734375,38.52941131591797,34360400.0,36.003780364990234
2019-05-01,38.82352828979492,38.11195373535156,38.51043701171875,38.68121337890625,20703400.0,36.1456298828125
2019-05-02,38.91840744018555,38.50094985961914,38.71916580200195,38.90892028808594,20471200.0,36.3584098815918
2019-05-03,39.37381362915039,38.927894592285156,39.108158111572266,39.26945114135742,18664800.0,36.69530487060547
2019-05-06,39.629981994628906,38.74762725830078,38.81404113769531,39.51612854003906,25973400.0,36.92581558227539
2019-05-07,39.573055267333984,38.425048828125,39.26945114135742,38.73814010620117,27603800.0,36.19882583618164
2019-05-08,38.927894592285156,38.36812210083008,38.709678649902344,38.851993560791016,23812000.0,36.305213928222656
2019-05-09,38.74762725830078,38.168880462646484,38.235294342041016,38.55787658691406,19732500.0,36.349945068359375
2019-05-10,38.72865295410156,37.82732391357422,38.54838562011719,38.6337776184082,17391500.0,36.42149353027344
2019-05-13,38.56736373901367,38.092979431152344,38.168880462646484,38.49146270751953,28010800.0,36.287330627441406
2019-05-14,38.776092529296875,38.481971740722656,38.51043701171875,38.57685089111328,26772800.0,36.367828369140625
2019-05-15,39.1745719909668,38.61479949951172,38.7666015625,39.041744232177734,33520700.0,36.80610275268555
2019-05-16,39.8292236328125,39.041744232177734,39.041744232177734,39.50664138793945,25508500.0,37.244380950927734
2019-05-17,39.667930603027344,39.13662338256836,39.184059143066406,39.34535217285156,29187700.0,37.092323303222656
2019-05-20,39.573055267333984,39.16508483886719,39.27893829345703,39.45920181274414,24251600.0,37.19965362548828
2019-05-21,39.667930603027344,39.36432647705078,39.573055267333984,39.53510284423828,28785100.0,37.271209716796875
2019-05-22,40.04743957519531,39.4212532043457,39.554080963134766,39.83871078491211,25274600.0,37.557430267333984
2019-05-23,39.8292236328125,39.51612854003906,39.69639587402344,39.77229690551758,25495900.0,37.49481964111328
2019-05-24,40.14231491088867,39.724857330322266,39.90512466430664,39.800758361816406,15383300.0,37.52165222167969
2019-05-28,40.30360412597656,39.743831634521484,39.99051284790039,39.753318786621094,49440600.0,37.4769287109375
2019-05-29,39.69639587402344,39.16508483886719,39.563568115234375,39.582542419433594,26895800.0,37.31593322753906
2019-05-30,39.800758361816406,39.44971466064453,39.544593811035156,39.753318786621094,17344300.0,37.4769287109375
2019-05-31,39.8292236328125,39.32637405395508,39.554080963134766,39.39278793334961,22639300.0,37.13703918457031
2019-06-03,40.02846145629883,39.44022750854492,39.497154235839844,39.77229690551758,22643100.0,37.49481964111328
2019-06-04,40.55977249145508,39.886146545410156,40.30360412597656,40.06641387939453,18453500.0,37.77208709716797
2019-06-05,40.64516067504883,40.23719024658203,40.417457580566406,40.30360412597656,21418900.0,37.99570083618164
2019-06-06,40.882354736328125,40.30360412597656,40.60721206665039,40.521820068359375,24494200.0,38.20142364501953
2019-06-07,41.034156799316406,40.66413497924805,40.77798843383789,40.72106170654297,20023500.0,38.389259338378906
2019-06-10,41.0246696472168,40.48387145996094,41.0246696472168,40.86337661743164,15275700.0,38.52342224121094
2019-06-11,41.08159255981445,40.370018005371094,40.986717224121094,40.48387145996094,18813200.0,38.165653228759766
2019-06-12,40.958255767822266,40.284629821777344,40.29411697387695,40.87286376953125,16296800.0,38.53236770629883
2019-06-13,40.92979049682617,40.199241638183594,40.86337661743164,40.32258224487305,14464000.0,38.01359558105469
2019-06-14,40.67362594604492,40.30360412597656,40.341556549072266,40.56925964355469,13197900.0,38.24614715576172
2019-06-17,40.70208740234375,40.180267333984375,40.512332916259766,40.68311309814453,14094900.0,38.353485107421875
2019-06-18,41.11005783081055,40.62618637084961,40.62618637084961,40.86337661743164,22833400.0,38.52342224121094
2019-06-19,41.35673522949219,40.882354736328125,40.958255767822266,41.27134704589844,21753600.0,38.90803527832031
2019-06-20,41.850093841552734,41.28083419799805,41.58443832397461,41.3662223815918,23500300.0,38.99747085571289
2019-06-21,41.745731353759766,41.09107971191406,41.31878662109375,41.43263626098633,38141200.0,39.060081481933594
2019-06-24,41.65085220336914,41.24288558959961,41.45161437988281,41.518028259277344,24624100.0,39.140586853027344
2019-06-25,42.0208740234375,41.518028259277344,41.603416442871094,41.518028259277344,28429000.0,39.140586853027344
2019-06-26,41.55597686767578,40.32258224487305,41.44212341308594,40.7874755859375,41009300.0,38.45186233520508
2019-06-27,41.32827377319336,40.80644989013672,40.815940856933594,41.204933166503906,21995000.0,38.845420837402344
2019-06-28,41.48007583618164,40.77798843383789,41.223907470703125,41.10057067871094,39726200.0,38.747032165527344
2019-07-01,41.63187789916992,41.119544982910156,41.28083419799805,41.52751541137695,21355800.0,39.149532318115234
2019-07-02,41.95446014404297,41.42314910888672,41.44212341308594,41.95446014404297,16541900.0,39.55202865600586
2019-07-03,42.27703857421875,41.72675704956055,42.09677505493164,42.12523651123047,10297600.0,39.7130241394043
2019-07-05,42.07780075073242,41.53700256347656,42.03984832763672,41.669830322265625,18295200.0,39.283695220947266
2019-07-08,41.62239074707031,40.77798843383789,41.55597686767578,41.08159255981445,23955300.0,38.729148864746094
2019-07-09,41.55597686767578,41.08159255981445,41.1954460144043,41.148006439208984,14223300.0,38.791751861572266
2019-07-10,41.850093841552734,41.214420318603516,41.41366195678711,41.80265808105469,15298600.0,39.40892028808594
2019-07-11,41.32827377319336,40.2087287902832,41.10057067871094,40.77798843383789,38383500.0,38.44292068481445
2019-07-12,40.7874755859375,39.85768508911133,40.71157455444336,40.22770309448242,33581000.0,37.92414474487305
2019-07-15,40.5787467956543,40.07590103149414,40.10436248779297,40.55977249145508,20363900.0,38.237205505371094
2019-07-16,40.76850128173828,40.30360412597656,40.597721099853516,40.65464782714844,19553400.0,38.32664489746094
2019-07-17,40.977230072021484,40.54079818725586,40.882354736328125,40.55028533935547,16341500.0,38.2282600402832
2019-07-18,40.85388946533203,40.370018005371094,40.66413497924805,40.85388946533203,13728900.0,38.51447677612305
2019-07-19,40.9962043762207,40.5787467956543,40.977230072021484,40.5787467956543,23552600.0,38.25509262084961
2019-07-22,40.815940856933594,40.370018005371094,40.63567352294922,40.62618637084961,12552100.0,38.2998161315918
2019-07-23,41.01517868041992,40.55977249145508,40.65464782714844,40.882354736328125,19586900.0,38.54131317138672
2019-07-24,40.79696273803711,40.199241638183594,40.79696273803711,40.69260025024414,18117800.0,38.362422943115234
2019-07-25,40.79696273803711,40.351043701171875,40.63567352294922,40.48387145996094,17514600.0,38.165653228759766
2019-07-26,40.958255767822266,40.256168365478516,40.47438430786133,40.882354736328125,21062200.0,38.54131317138672
2019-07-29,40.79696273803711,39.22201156616211,40.00948715209961,39.32637405395508,64559200.0,37.07443618774414
2019-07-30,38.178367614746094,36.62239074707031,37.78937530517578,36.80265808105469,95739700.0,34.69523620605469
2019-07-31,37.637569427490234,36.53700256347656,36.62239074707031,36.850093841552734,56309400.0,34.739952087402344
2019-08-01,36.64136505126953,35.74952697753906,36.34724807739258,36.290321350097656,51624900.0,34.53230667114258
2019-08-02,36.56546401977539,35.815940856933594,36.290321350097656,36.053131103515625,29153600.0,34.306610107421875
2019-08-05,35.891841888427734,34.544593811035156,35.8254280090332,35.06641387939453,46030200.0,33.36769485473633
2019-08-06,35.39848327636719,34.60151672363281,35.284629821777344,35.05692672729492,31985800.0,33.35866165161133
2019-08-07,34.89563751220703,34.022769927978516,34.77229690551758,34.70588302612305,32017300.0,33.024627685546875
2019-08-08,35.05692672729492,34.724857330322266,34.819732666015625,34.98102569580078,23356400.0,33.28643798828125
2019-08-09,34.94307327270508,34.25996017456055,34.886146545410156,34.487667083740234,25391700.0,32.816978454589844
2019-08-12,34.45920181274414,32.998104095458984,34.44971466064453,33.57685089111328,43337600.0,31.950286865234375
2019-08-13,33.9753303527832,33.34914779663086,33.61479949951172,33.396583557128906,45549500.0,31.77875328063965
2019-08-14,33.1878547668457,32.447818756103516,33.140419006347656,32.48576736450195,38633400.0,30.912059783935547
2019-08-15,32.808349609375,32.2296028137207,32.542694091796875,32.71347427368164,30713700.0,31.128734588623047
2019-08-16,33.2163200378418,32.72296142578125,32.94117736816406,32.87476348876953,30012300.0,31.282211303710938
2019-08-19,33.51043701171875,33.04553985595703,33.092979431152344,33.37760925292969,21997300.0,31.760700225830078
2019-08-20,33.35863494873047,32.79886245727539,33.30170822143555,32.83681106567383,19932500.0,31.246097564697266
2019-08-21,33.320682525634766,33.03605270385742,33.149906158447266,33.083492279052734,19208700.0,31.48082733154297
2019-08-22,33.425048828125,33.0170783996582,33.168880462646484,33.28273391723633,16933100.0,31.670419692993164
2019-08-23,33.53889846801758,32.41935348510742,33.406070709228516,32.58064651489258,27765300.0,31.00234031677246
2019-08-26,33.074005126953125,32.71347427368164,32.84629821777344,33.05502700805664,17468700.0,31.45374298095703
2019-08-27,33.29222106933594,32.552181243896484,33.2163200378418,32.58064651489258,24715400.0,31.00234031677246
2019-08-28,33.34914779663086,32.523719787597656,32.5996208190918,33.28273391723633,26047900.0,31.670419692993164
2019-08-29,33.956356048583984,33.425048828125,33.956356048583984,33.51992416381836,19610300.0,31.8961181640625
2019-08-30,33.88994216918945,33.47248458862305,33.795066833496094,33.72865295410156,18873300.0,32.09473419189453
2019-09-03,34.4212532043457,33.69070053100586,33.785579681396484,34.26945114135742,26625000.0,32.609336853027344
2019-09-04,34.53510284423828,33.870967864990234,34.44022750854492,33.99430847167969,20649400.0,32.3475227355957
2019-09-05,34.61100387573242,34.05123519897461,34.25996017456055,34.478179931640625,22096800.0,32.807952880859375
2019-09-06,34.69639587402344,34.25996017456055,34.497154235839844,34.629981994628906,20873400.0,32.95240020751953
2019-09-09,34.95256042480469,34.27893829345703,34.715370178222656,34.94307327270508,24675600.0,33.250328063964844
2019-09-10,35.46489715576172,34.1745719909668,34.715370178222656,35.46489715576172,32250400.0,33.74687194824219
2019-09-11,35.8254280090332,35.00948715209961,35.80644989013672,35.49335861206055,16963200.0,33.773956298828125
2019-09-12,35.69260025024414,35.16128921508789,35.64516067504883,35.370018005371094,16692300.0,33.65658950805664
2019-09-13,35.67362594604492,34.734344482421875,35.47438430786133,35.01897430419922,24099600.0,33.322547912597656
2019-09-16,35.12334060668945,34.487667083740234,34.5920295715332,34.94307327270508,19877100.0,33.250328063964844
2019-09-17,34.91461181640625,34.487667083740234,34.90512466430664,34.629981994628906,22091900.0,32.95240020751953
2019-09-18,34.83871078491211,34.402278900146484,34.69639587402344,34.51612854003906,19679600.0,32.84406280517578
2019-09-19,34.886146545410156,34.478179931640625,34.554080963134766,34.639469146728516,17746400.0,32.961429595947266
2019-09-20,35.341556549072266,34.61100387573242,35.0,34.810245513916016,45990700.0,33.123931884765625
2019-09-23,34.715370178222656,34.37381362915039,34.51612854003906,34.38330078125,17295200.0,32.71767044067383
2019-09-24,34.70588302612305,34.13662338256836,34.411766052246094,34.16508483886719,24186600.0,32.51002502441406
2019-09-25,34.487667083740234,33.870967864990234,34.07020950317383,34.06072235107422,20269700.0,32.41071319580078
2019-09-26,34.38330078125,33.74762725830078,34.22201156616211,33.946868896484375,17059700.0,32.3023796081543
2019-09-27,34.478179931640625,33.88994216918945,34.022769927978516,34.36432647705078,17583700.0,32.699615478515625
2019-09-30,34.44971466064453,34.07969665527344,34.4212532043457,34.08918380737305,17205400.0,32.43780517578125
2019-10-01,34.1745719909668,33.61479949951172,34.08918380737305,33.61479949951172,22013000.0,31.986398696899414
2019-10-02,33.46299743652344,32.88425064086914,33.45351028442383,32.92219924926758,22458000.0,31.32735252380371
2019-10-03,33.65275192260742,32.82732391357422,32.93169021606445,33.6337776184082,22076100.0,32.00445556640625
2019-10-04,34.13662338256836,33.6337776184082,33.67172622680664,34.08918380737305,18065300.0,32.43780517578125
2019-10-07,34.402278900146484,33.965843200683594,33.98482131958008,33.99430847167969,11759400.0,32.3475227355957
2019-10-08,34.041744232177734,33.60531234741211,33.82352828979492,33.61479949951172,14761300.0,31.986398696899414
2019-10-09,34.05123519897461,33.709678649902344,33.82352828979492,33.861480712890625,13634300.0,32.221126556396484
2019-10-10,34.16508483886719,33.776092529296875,33.842506408691406,33.956356048583984,12198700.0,32.311405181884766
2019-10-11,34.70588302612305,34.22201156616211,34.28842544555664,34.25996017456055,18446100.0,32.60030746459961
2019-10-14,34.487667083740234,34.13662338256836,34.30739974975586,34.44022750854492,8701000.0,32.7718391418457
2019-10-15,34.85768508911133,34.544593811035156,34.582542419433594,34.629981994628906,15178200.0,32.95240020751953
2019-10-16,34.86717224121094,34.45920181274414,34.753318786621094,34.478179931640625,14435800.0,32.807952880859375
2019-10-17,34.92409896850586,34.50664138793945,34.6204948425293,34.5920295715332,15312100.0,32.916290283203125
2019-10-18,34.819732666015625,34.487667083740234,34.563568115234375,34.5920295715332,14219200.0,32.916290283203125
2019-10-21,34.800758361816406,34.497154235839844,34.77229690551758,34.5920295715332,13237100.0,32.916290283203125
2019-10-22,34.819732666015625,34.39278793334961,34.544593811035156,34.563568115234375,14549400.0,32.88920593261719
2019-10-23,34.89563751220703,34.36432647705078,34.44971466064453,34.886146545410156,14000600.0,33.1961555480957
2019-10-24,34.95256042480469,34.402278900146484,34.86717224121094,34.52561569213867,19998400.0,32.853092193603516
2019-10-25,34.99051284790039,34.44971466064453,34.53510284423828,34.886146545410156,17497700.0,33.1961555480957
2019-10-28,35.55977249145508,34.93358612060547,34.97153854370117,35.370018005371094,25800300.0,33.65658950805664
2019-10-29,36.774192810058594,35.977230072021484,36.053131103515625,36.25237274169922,32212000.0,34.49620056152344
2019-10-30,36.831119537353516,36.33776092529297,36.44212341308594,36.50853729248047,22019400.0,34.73995590209961
2019-10-31,36.603416442871094,36.223907470703125,36.42314910888672,36.4041748046875,24539900.0,34.640647888183594
2019-11-01,36.94497299194336,36.42314910888672,36.70777893066406,36.42314910888672,19263200.0,34.6587028503418
2019-11-04,36.755218505859375,36.08159255981445,36.72675704956055,36.08159255981445,17709700.0,34.33369445800781
2019-11-05,36.148006439208984,35.55028533935547,36.08159255981445,35.55977249145508,21688500.0,33.83715057373047
2019-11-06,35.79696273803711,35.436431884765625,35.68311309814453,35.68311309814453,18757300.0,33.95451736450195
2019-11-07,35.65464782714844,34.99051284790039,35.48387145996094,35.01897430419922,22727300.0,33.644596099853516
2019-11-08,35.256168365478516,34.94307327270508,34.99051284790039,35.15180206298828,26626900.0,33.77220916748047
2019-11-11,35.113853454589844,34.86717224121094,35.01897430419922,35.0379524230957,12542900.0,33.6628303527832
2019-11-12,35.189754486083984,34.819732666015625,34.94307327270508,35.07590103149414,13338400.0,33.69929122924805
2019-11-13,35.05692672729492,34.44022750854492,35.05692672729492,34.724857330322266,25855300.0,33.362022399902344
2019-11-14,34.87665939331055,34.45920181274414,34.68690872192383,34.67741775512695,25190600.0,33.31644821166992
2019-11-15,35.55028533935547,34.648956298828125,34.753318786621094,35.370018005371094,36378800.0,33.98186492919922
2019-11-18,35.521820068359375,35.06641387939453,35.47438430786133,35.31309127807617,18084500.0,33.92716979980469
2019-11-19,35.74952697753906,35.4079704284668,35.512332916259766,35.73054885864258,26475100.0,34.328243255615234
2019-11-20,35.75901412963867,35.113853454589844,35.64516067504883,35.15180206298828,19947600.0,33.77220916748047
2019-11-21,35.9962043762207,35.14231491088867,35.30360412597656,35.80644989013672,20942600.0,34.40116500854492
2019-11-22,36.44212341308594,35.75901412963867,35.85388946533203,36.3662223815918,25544000.0,34.938968658447266
2019-11-25,36.88804626464844,36.48007583618164,36.50853729248047,36.69829177856445,31592400.0,35.25800704956055
2019-11-26,36.6129035949707,36.10057067871094,36.56546401977539,36.32827377319336,34620600.0,34.90251541137695
2019-11-27,36.72675704956055,36.3662223815918,36.41366195678711,36.65085220336914,19201000.0,35.212432861328125
2019-11-29,36.88804626464844,36.53700256347656,36.56546401977539,36.54648971557617,9793900.0,35.11216354370117
2019-12-02,36.8121452331543,36.290321350097656,36.80265808105469,36.32827377319336,15646000.0,34.90251541137695
2019-12-03,36.24288558959961,35.901329040527344,36.01517868041992,36.10057067871094,20869800.0,34.68374252319336
2019-12-04,36.299808502197266,35.94876480102539,36.27134704589844,36.18595886230469,14501200.0,34.76578140258789
2019-12-05,36.4041748046875,35.85388946533203,36.4041748046875,36.08159255981445,13098100.0,34.66550827026367
2019-12-06,36.54648971557617,36.26185989379883,36.31878662109375,36.32827377319336,12868700.0,34.90251541137695
2019-12-09,36.41366195678711,36.148006439208984,36.148006439208984,36.35673522949219,15641600.0,34.92985534667969
2019-12-10,36.603416442871094,36.2333984375,36.30929946899414,36.50853729248047,19171300.0,35.07570266723633
2019-12-11,36.593929290771484,36.24288558959961,36.4041748046875,36.26185989379883,15569400.0,34.83870315551758
2019-12-12,36.64136505126953,36.214420318603516,36.214420318603516,36.56546401977539,13414500.0,35.13039016723633
2019-12-13,36.69829177856445,36.119544982910156,36.54648971557617,36.3662223815918,16678500.0,34.938968658447266
2019-12-16,37.381404876708984,36.679317474365234,36.71726608276367,37.13472366333008,24187800.0,35.677310943603516
2019-12-17,37.41935348510742,36.850093841552734,37.41935348510742,36.907020568847656,29038000.0,35.45854187011719
2019-12-18,37.07780075073242,36.660343170166016,37.01138687133789,36.89753341674805,27339400.0,35.44942855834961
2019-12-19,37.14421081542969,36.821632385253906,37.001895904541016,36.97343444824219,22022300.0,35.5223503112793
2019-12-20,37.51423263549805,36.97343444824219,37.33396530151367,37.220115661621094,58199800.0,35.75934982299805
2019-12-23,37.49525451660156,37.12523651123047,37.4003791809082,37.305503845214844,17454300.0,35.84138870239258
2019-12-24,37.41935348510742,37.191650390625,37.31499099731445,37.27703857421875,5187700.0,35.81404113769531
2019-12-26,37.542694091796875,37.191650390625,37.28652572631836,37.362430572509766,9384100.0,35.896080017089844
2019-12-27,37.59013366699219,37.23908996582031,37.40986633300781,37.305503845214844,10117700.0,35.84138870239258
2019-12-30,37.4003791809082,36.89753341674805,37.28652572631836,36.916507720947266,11554300.0,35.467655181884766
2019-12-31,37.191650390625,36.72675704956055,36.80265808105469,37.17267608642578,15175700.0,35.71377182006836
2020-01-02,37.33396530151367,36.88804626464844,37.28652572631836,37.13472366333008,16514100.0,35.677310943603516
2020-01-03,37.2296028137207,36.688804626464844,36.736244201660156,36.935482025146484,14922800.0,35.48588562011719
2020-01-06,37.001895904541016,36.71726608276367,36.831119537353516,36.88804626464844,15772000.0,35.44031524658203
2020-01-07,37.12523651123047,36.69829177856445,37.11574935913086,36.764705657958984,20108100.0,35.321815490722656
2020-01-08,37.21062469482422,36.764705657958984,36.774192810058594,37.05882263183594,16403500.0,35.60438537597656
2020-01-09,37.25806427001953,36.80265808105469,37.25806427001953,36.89753341674805,21971900.0,35.44942855834961
2020-01-10,37.5996208190918,36.97343444824219,36.9829216003418,37.466793060302734,21557400.0,35.99634552001953
2020-01-13,37.73244857788086,37.20113754272461,37.59013366699219,37.390892028808594,15392400.0,35.923423767089844
2020-01-14,38.02656555175781,37.28652572631836,37.40986633300781,38.0170783996582,20919200.0,36.5250358581543
2020-01-15,38.776092529296875,38.11195373535156,38.13092803955078,38.58633804321289,23925800.0,37.07195281982422
2020-01-16,38.709678649902344,38.254268646240234,38.700191497802734,38.52941131591797,16216400.0,37.01726531982422
2020-01-17,38.71916580200195,38.34914779663086,38.49146270751953,38.43453598022461,23084000.0,36.926109313964844
2020-01-21,38.57685089111328,38.13092803955078,38.311195373535156,38.27324295043945,23115700.0,36.77114486694336
2020-01-22,38.339656829833984,37.92219924926758,38.254268646240234,38.13092803955078,18097800.0,36.63441467285156
2020-01-23,38.73814010620117,38.074005126953125,38.13092803955078,38.62428665161133,27148500.0,37.10841369628906
2020-01-24,38.870967864990234,37.609107971191406,38.842506408691406,37.779884338378906,34143700.0,36.297149658203125
2020-01-27,38.35863494873047,37.23908996582031,37.390892028808594,38.10246658325195,31964000.0,36.60707092285156
2020-01-28,37.466793060302734,36.00569152832031,37.305503845214844,36.18595886230469,70202400.0,34.76578140258789
2020-01-29,36.41366195678711,35.62618637084961,36.16698455810547,35.65464782714844,34165700.0,34.25532150268555
2020-01-30,35.265655517578125,34.810245513916016,35.199241638183594,35.1707763671875,32316600.0,34.13561248779297
2020-01-31,35.53131103515625,35.00948715209961,35.04743957519531,35.332069396972656,33894000.0,34.29216003417969
2020-02-03,36.09107971191406,35.38899612426758,35.54079818725586,35.588233947753906,20875700.0,34.54077911376953
2020-02-04,36.28083419799805,35.70208740234375,36.129032135009766,35.75901412963867,31150900.0,34.70653533935547
2020-02-05,36.593929290771484,35.882354736328125,35.91081619262695,36.214420318603516,29443500.0,35.14854049682617
2020-02-06,36.52751541137695,36.08159255981445,36.47058868408203,36.299808502197266,21047700.0,35.231414794921875
2020-02-07,36.43263626098633,35.986717224121094,36.39468765258789,36.10057067871094,21903600.0,35.03804016113281
2020-02-10,36.26185989379883,35.7874755859375,36.25237274169922,35.87286376953125,19998400.0,34.81703567504883
2020-02-11,36.17647171020508,35.8254280090332,35.94876480102539,36.138519287109375,16027300.0,35.07487106323242
2020-02-12,36.2333984375,35.7874755859375,36.138519287109375,35.80644989013672,22944300.0,34.7525749206543
2020-02-13,35.65464782714844,35.0,35.65464782714844,35.0379524230957,22099700.0,34.00669860839844
2020-02-14,35.14231491088867,34.554080963134766,35.07590103149414,34.639469146728516,21006700.0,33.61994171142578
2020-02-18,34.7912712097168,34.411766052246094,34.67741775512695,34.45920181274414,17988500.0,33.44498062133789
2020-02-19,34.629981994628906,34.35483932495117,34.53510284423828,34.37381362915039,17750900.0,33.36210632324219
2020-02-20,34.2125244140625,33.5958251953125,33.880455017089844,34.013282775878906,42953100.0,33.01218795776367
2020-02-21,33.98482131958008,33.709678649902344,33.927894592285156,33.88994216918945,32425300.0,32.89247131347656
2020-02-24,33.58633804321289,32.82732391357422,33.244781494140625,32.89373779296875,37969300.0,31.92559242248535
2020-02-25,32.96015167236328,31.982921600341797,32.90322494506836,32.191650390625,41878900.0,31.24416732788086
2020-02-26,33.406070709228516,32.27703857421875,32.48576736450195,32.94117736816406,47920000.0,31.971633911132812
2020-02-27,33.880455017089844,32.35293960571289,32.67552185058594,32.35293960571289,55444800.0,31.400711059570312
2020-02-28,32.20113754272461,30.863378524780273,31.774192810058594,31.707780838012695,66072000.0,30.7745418548584
2020-03-02,33.159393310546875,31.736242294311523,32.17267608642578,33.092979431152344,42034500.0,32.11896896362305
2020-03-03,33.946868896484375,32.12523651123047,33.37760925292969,32.542694091796875,46174500.0,31.58487892150879
2020-03-04,34.5920295715332,33.159393310546875,33.30170822143555,34.53510284423828,38712200.0,33.51865005493164
2020-03-05,34.32637405395508,33.35863494873047,33.82352828979492,33.64326477050781,35096300.0,32.65305709838867
2020-03-06,33.36812210083008,32.371917724609375,32.92219924926758,33.225807189941406,40931000.0,32.24788284301758
2020-03-09,32.91271209716797,31.46109962463379,31.745731353759766,32.03036117553711,43183900.0,31.087627410888672
2020-03-10,32.88425064086914,31.318784713745117,32.79886245727539,32.81783676147461,40548300.0,31.851924896240234
2020-03-11,32.14421081542969,30.03795051574707,32.03036117553711,30.521821975708008,65350200.0,29.62348747253418
2020-03-12,30.360530853271484,28.462997436523438,28.918405532836914,28.48197364807129,62731400.0,27.643678665161133
2020-03-13,31.195446014404297,28.681215286254883,29.667932510375977,31.034154891967773,60553000.0,30.12074089050293
2020-03-16,30.62618637084961,28.130929946899414,28.40607261657715,28.63377571105957,50995000.0,27.7910099029541
2020-03-17,30.977230072021484,29.022769927978516,30.01897621154785,30.5123348236084,54220600.0,29.614280700683594
2020-03-18,30.939279556274414,28.757116317749023,29.19354820251465,30.70208740234375,43885000.0,29.798446655273438
2020-03-19,30.59772300720215,28.47248649597168,30.569259643554688,28.861480712890625,59820900.0,28.012014389038086
2020-03-20,29.098670959472656,27.428842544555664,28.728652954101562,27.523719787597656,52489000.0,26.713626861572266
2020-03-23,28.064516067504883,26.45161247253418,27.286527633666992,27.03036117553711,52853000.0,26.23478889465332
2020-03-24,28.51043701171875,27.419355392456055,27.99810218811035,28.178367614746094,44466800.0,27.349008560180664
2020-03-25,29.14611053466797,27.514230728149414,27.988615036010742,28.225807189941406,44601300.0,27.395051956176758
2020-03-26,30.351043701171875,28.349145889282227,28.358633041381836,30.123340606689453,43270000.0,29.23673439025879
2020-03-27,30.11385154724121,29.089183807373047,29.22201156616211,29.3168888092041,38290300.0,28.45401954650879
2020-03-30,31.166982650756836,29.459203720092773,29.459203720092773,30.996204376220703,29943500.0,30.083908081054688
2020-03-31,31.309297561645508,30.58823585510254,30.74003791809082,30.967741012573242,29466200.0,30.05628204345703
2020-04-01,30.62618637084961,29.91461181640625,30.284629821777344,30.123340606689453,26709600.0,29.23673439025879
2020-04-02,31.309297561645508,30.123340606689453,30.265655517578125,31.185958862304688,27186900.0,30.268077850341797
2020-04-03,32.15370178222656,30.958253860473633,30.958253860473633,31.916507720947266,32837400.0,30.97712516784668
2020-04-06,33.11195373535156,32.04933547973633,32.18216323852539,32.79886245727539,40503200.0,31.833511352539062
2020-04-07,33.36812210083008,31.869070053100586,33.20683288574219,31.888046264648438,24226300.0,30.949499130249023
2020-04-08,33.0170783996582,31.726755142211914,32.24857711791992,32.82732391357422,25524000.0,31.861133575439453
2020-04-09,33.937381744384766,33.064517974853516,33.235294342041016,33.57685089111328,30714900.0,32.588600158691406
2020-04-13,34.13662338256836,32.94117736816406,34.117645263671875,33.339656829833984,18270100.0,32.3583869934082
2020-04-14,34.753318786621094,33.52941131591797,34.08918380737305,34.573055267333984,21845300.0,33.55548095703125
2020-04-15,34.37381362915039,33.75711441040039,34.2125244140625,34.12713623046875,21312200.0,33.12268829345703
2020-04-16,34.402278900146484,33.75711441040039,34.26945114135742,34.041744232177734,20657500.0,33.03981018066406
2020-04-17,35.10436248779297,34.25996017456055,34.629981994628906,35.01897430419922,24404800.0,33.988277435302734
2020-04-20,35.01897430419922,34.23149871826172,34.51612854003906,34.23149871826172,22530600.0,33.22397994995117
2020-04-21,34.08918380737305,33.55787658691406,33.946868896484375,33.795066833496094,23975200.0,32.800392150878906
2020-04-22,35.10436248779297,34.26945114135742,35.06641387939453,34.39278793334961,20186100.0,33.38051986694336
2020-04-23,35.48387145996094,34.4212532043457,34.4212532043457,34.810245513916016,20185400.0,33.78569030761719
2020-04-24,35.512332916259766,34.89563751220703,34.95256042480469,35.46489715576172,17359400.0,34.42107391357422
2020-04-27,36.56546401977539,35.64516067504883,35.66413497924805,36.3662223815918,23394100.0,35.29587173461914
2020-04-28,37.21062469482422,35.46489715576172,37.04933547973633,35.967742919921875,35666700.0,34.909122467041016
2020-04-29,36.574951171875,35.77798843383789,36.48956298828125,36.16698455810547,26518500.0,35.102500915527344
2020-04-30,36.53700256347656,35.445919036865234,36.053131103515625,36.39468765258789,29451000.0,35.3234977722168
2020-05-01,35.9962043762207,35.47438430786133,35.91081619262695,35.71157455444336,22679900.0,34.66049575805664
2020-05-04,35.977230072021484,35.49335861206055,35.67362594604492,35.69260025024414,19893500.0,34.6420783996582
2020-05-05,36.86907196044922,36.30929946899414,36.821632385253906,36.53700256347656,24124000.0,35.46162796020508
2020-05-06,37.01138687133789,36.53700256347656,36.97343444824219,36.53700256347656,24047400.0,35.46162796020508
2020-05-07,36.518028259277344,35.0,36.44212341308594,35.06641387939453,33546100.0,34.373504638671875
2020-05-08,35.46489715576172,35.14231491088867,35.341556549072266,35.31309127807617,19901300.0,34.61530685424805
2020-05-11,36.25237274169922,35.256168365478516,35.341556549072266,36.148006439208984,25620400.0,35.43372344970703
2020-05-12,36.28083419799805,35.426944732666016,36.16698455810547,35.445919036865234,19335300.0,34.74551010131836
2020-05-13,35.502845764160156,34.715370178222656,35.39848327636719,35.15180206298828,24596900.0,34.45720291137695
2020-05-14,36.01517868041992,34.89563751220703,34.91461181640625,35.977230072021484,22362500.0,35.266319274902344
2020-05-15,36.214420318603516,35.47438430786133,36.01517868041992,35.8254280090332,25460000.0,35.11751937866211
2020-05-18,36.48956298828125,35.70208740234375,36.37571334838867,36.119544982910156,21479200.0,35.405826568603516
2020-05-19,36.072105407714844,35.39848327636719,35.91081619262695,35.74952697753906,18478400.0,35.04311752319336
2020-05-20,36.24288558959961,35.62618637084961,36.00569152832031,35.70208740234375,16607400.0,34.99661636352539
2020-05-21,35.72106170654297,35.15180206298828,35.64516067504883,35.351043701171875,16747800.0,34.65250778198242
2020-05-22,35.60721206665039,35.06641387939453,35.2087287902832,35.5787467956543,14972700.0,34.87571334838867
2020-05-26,35.92979049682617,35.53131103515625,35.72106170654297,35.56925964355469,22068400.0,34.86641311645508
2020-05-27,35.61669921875,35.07590103149414,35.49335861206055,35.49335861206055,24577000.0,34.792015075683594
2020-05-28,36.47058868408203,35.7874755859375,35.901329040527344,36.223907470703125,21367900.0,35.50812530517578
2020-05-29,36.46110153198242,35.65464782714844,36.30929946899414,36.2333984375,46146300.0,35.51742935180664
2020-06-01,33.89942932128906,33.12144088745117,33.68121337890625,33.64326477050781,72945900.0,32.97847366333008
2020-06-02,34.30739974975586,33.44402313232422,33.709678649902344,34.30739974975586,40503700.0,33.629486083984375
2020-06-03,34.544593811035156,33.71916580200195,34.43074035644531,34.30739974975586,36766600.0,33.629486083984375
2020-06-04,34.43074035644531,33.870967864990234,33.880455017089844,34.16508483886719,25629400.0,33.48998260498047
2020-06-05,34.6204948425293,34.041744232177734,34.38330078125,34.14611053466797,34825100.0,33.47138595581055
2020-06-08,34.724857330322266,33.851993560791016,33.965843200683594,34.715370178222656,28647200.0,34.029396057128906
2020-06-09,34.78178405761719,34.31688690185547,34.629981994628906,34.35483932495117,20564600.0,33.67599105834961
2020-06-10,34.582542419433594,34.05123519897461,34.497154235839844,34.07969665527344,28042900.0,33.40628433227539
2020-06-11,33.851993560791016,31.574953079223633,33.776092529296875,31.59392738342285,59930400.0,30.969633102416992
2020-06-12,32.35293960571289,31.35673713684082,32.33396530151367,32.0208740234375,35952400.0,31.38814353942871
2020-06-15,31.99241065979004,31.081594467163086,31.59392738342285,31.650854110717773,34390400.0,31.025434494018555
2020-06-16,32.220115661621094,31.043643951416016,31.869070053100586,31.688804626464844,52767500.0,31.06263542175293
2020-06-17,32.03984832763672,31.612903594970703,31.869070053100586,31.840606689453125,26089000.0,31.21143913269043
2020-06-18,31.755218505859375,31.29032325744629,31.56546401977539,31.537002563476562,30625100.0,30.913833618164062
2020-06-19,32.01138687133789,31.42314910888672,31.963947296142578,31.707780838012695,41732700.0,31.08123779296875
2020-06-22,31.650854110717773,31.223909378051758,31.622390747070312,31.41366195678711,22137100.0,30.79292869567871
2020-06-23,31.546489715576172,31.062618255615234,31.499052047729492,31.091081619262695,35759400.0,30.476722717285156
2020-06-24,31.053131103515625,30.360530853271484,31.034154891967773,30.540796279907227,29238800.0,29.93731117248535
2020-06-25,30.72106170654297,30.199241638183594,30.464895248413086,30.66413688659668,26013900.0,30.05821418762207
2020-06-26,30.62618637084961,29.99051284790039,30.59772300720215,30.398481369018555,39994300.0,29.797807693481445
2020-06-29,30.996204376220703,30.55028533935547,30.796964645385742,30.967741012573242,22728900.0,30.355819702148438
2020-06-30,31.195446014404297,30.578746795654297,30.863378524780273,31.024667739868164,24147700.0,30.41162109375
2020-07-01,32.7703971862793,31.99241065979004,32.7703971862793,32.01138687133789,69737200.0,31.378843307495117
2020-07-02,33.064517974853516,32.296016693115234,32.84629821777344,32.74193572998047,42951500.0,32.0949592590332
2020-07-06,33.19734191894531,32.618595123291016,33.159393310546875,32.74193572998047,27150900.0,32.0949592590332
2020-07-07,32.59013366699219,32.220115661621094,32.305503845214844,32.28652572631836,25148000.0,31.64854621887207
2020-07-08,32.609107971191406,31.850095748901367,32.26755142211914,32.0208740234375,24256500.0,31.38814353942871
2020-07-09,32.14421081542969,31.4041748046875,32.001895904541016,31.745731353759766,20363700.0,31.118436813354492
2020-07-10,32.296016693115234,31.774192810058594,31.935483932495117,32.09677505493164,24459000.0,31.46254539489746
2020-07-13,33.88994216918945,32.75142288208008,32.95066452026367,33.406070709228516,56569100.0,32.745967864990234
2020-07-14,33.60531234741211,33.092979431152344,33.55787658691406,33.425048828125,32854100.0,32.76457214355469
2020-07-15,34.15559768676758,33.65275192260742,34.14611053466797,33.88994216918945,26294500.0,33.22027587890625
2020-07-16,33.81404113769531,33.45351028442383,33.776092529296875,33.776092529296875,18421800.0,33.10867691040039
2020-07-17,34.46868896484375,33.89942932128906,34.022769927978516,34.39278793334961,23347400.0,33.71318817138672
2020-07-20,35.69260025024414,34.45920181274414,35.56925964355469,34.629981994628906,36815700.0,33.94569396972656
2020-07-21,35.180267333984375,34.648956298828125,35.04743957519531,34.810245513916016,23646900.0,34.12239456176758
2020-07-22,36.745731353759766,35.597721099853516,36.27134704589844,36.58443832397461,90705600.0,35.86153030395508
2020-07-23,37.4003791809082,36.223907470703125,37.220115661621094,36.44212341308594,59639500.0,35.72203063964844
2020-07-24,36.1954460144043,35.417457580566406,36.08159255981445,35.73054885864258,33870500.0,35.02451705932617
2020-07-27,35.815940856933594,35.32258224487305,35.445919036865234,35.61669921875,27640300.0,34.91291427612305
2020-07-28,37.32447814941406,36.11005783081055,36.56546401977539,37.0208740234375,56394000.0,36.28934097290039
2020-07-29,37.42884063720703,36.48007583618164,37.28652572631836,37.24857711791992,37033700.0,36.51254653930664
2020-07-30,36.94497299194336,36.24288558959961,36.31878662109375,36.755218505859375,32273800.0,36.38106918334961
2020-07-31,36.764705657958984,35.92030334472656,36.31878662109375,36.50853729248047,28503000.0,36.13690185546875
2020-08-03,36.679317474365234,36.26185989379883,36.63187789916992,36.38520050048828,31036400.0,36.01482009887695
2020-08-04,36.69829177856445,36.138519287109375,36.34724807739258,36.42314910888672,29448500.0,36.0523796081543
2020-08-05,36.55597686767578,36.17647171020508,36.49905014038086,36.48007583618164,24604800.0,36.108726501464844
2020-08-06,37.09677505493164,36.1954460144043,36.7836799621582,36.30929946899414,20922100.0,35.93968963623047
2020-08-07,36.64136505126953,36.204933166503906,36.33776092529297,36.48007583618164,23076900.0,36.108726501464844
2020-08-10,36.679317474365234,36.299808502197266,36.574951171875,36.42314910888672,19964600.0,36.0523796081543
2020-08-11,36.603416442871094,35.74003982543945,36.58443832397461,35.85388946533203,21326800.0,35.488914489746094
2020-08-12,36.574951171875,35.87286376953125,35.891841888427734,36.3662223815918,19965800.0,35.99603271484375
2020-08-13,36.223907470703125,35.93927764892578,36.119544982910156,36.214420318603516,15340000.0,35.84577560424805
2020-08-14,36.42314910888672,35.986717224121094,36.062618255615234,36.11005783081055,12901300.0,35.74247741699219
2020-08-17,36.44212341308594,36.00569152832031,36.09107971191406,36.38520050048828,17494200.0,36.01482009887695
2020-08-18,36.48956298828125,36.214420318603516,36.48007583618164,36.39468765258789,10846400.0,36.024208068847656
2020-08-19,36.63187789916992,36.16698455810547,36.50853729248047,36.299808502197266,15690100.0,35.9302978515625
2020-08-20,36.80265808105469,36.17647171020508,36.223907470703125,36.736244201660156,21957500.0,36.36228942871094
2020-08-21,37.001895904541016,36.593929290771484,36.916507720947266,36.88804626464844,25467200.0,36.51254653930664
2020-08-24,37.03984832763672,36.56546401977539,37.0208740234375,36.850093841552734,25011900.0,36.474979400634766
2020-08-25,36.58443832397461,36.00569152832031,36.53700256347656,36.44212341308594,26221200.0,36.071163177490234
2020-08-26,36.30929946899414,35.73054885864258,36.2333984375,36.10057067871094,24083700.0,35.73308563232422
2020-08-27,36.053131103515625,35.74952697753906,36.01517868041992,35.92030334472656,22156600.0,35.55465316772461
2020-08-28,36.11005783081055,35.48387145996094,35.92979049682617,35.967742919921875,32830500.0,35.60161209106445
2020-08-31,36.072105407714844,35.5787467956543,35.901329040527344,35.85388946533203,30032500.0,35.488914489746094
2020-09-01,35.882354736328125,34.639469146728516,35.85388946533203,34.99051284790039,36161500.0,34.63432693481445
2020-09-02,35.38899612426758,34.53510284423828,34.886146545410156,35.29411697387695,29068700.0,34.93484115600586
2020-09-03,35.56925964355469,34.25047302246094,35.455406188964844,34.53510284423828,35956800.0,34.183555603027344
2020-09-04,34.753318786621094,34.032257080078125,34.6204948425293,34.497154235839844,26872300.0,34.145992279052734
2020-09-08,34.734344482421875,33.851993560791016,34.658443450927734,34.08918380737305,26736800.0,33.7421760559082
2020-09-09,34.77229690551758,34.28842544555664,34.43074035644531,34.32637405395508,27490500.0,33.976951599121094
2020-09-10,34.45920181274414,33.75711441040039,34.34535217285156,33.82352828979492,21650700.0,33.47922134399414
2020-09-11,34.25996017456055,33.6337776184082,33.90892028808594,34.22201156616211,24109300.0,33.87364959716797
2020-09-14,35.61669921875,34.4212532043457,34.497154235839844,35.113853454589844,29565500.0,34.756412506103516
2020-09-15,35.436431884765625,34.92409896850586,35.284629821777344,35.06641387939453,22003700.0,34.70945739746094
2020-09-16,35.39848327636719,34.83871078491211,35.370018005371094,34.89563751220703,22208400.0,34.54042053222656
2020-09-17,35.07590103149414,34.67741775512695,34.89563751220703,34.93358612060547,17894400.0,34.577980041503906
2020-09-18,35.1707763671875,34.69639587402344,34.89563751220703,34.753318786621094,31694600.0,34.3995475769043
2020-09-21,34.61100387573242,33.56736373901367,34.50664138793945,34.1745719909668,26609000.0,33.82669448852539
2020-09-22,34.46868896484375,33.90892028808594,33.9753303527832,34.39278793334961,22727300.0,34.042686462402344
2020-09-23,34.51612854003906,34.12713623046875,34.478179931640625,34.15559768676758,23102500.0,33.80791091918945
2020-09-24,34.19355010986328,33.71916580200195,34.108158111572266,33.927894592285156,20859900.0,33.58252716064453
2020-09-25,34.29791259765625,33.700191497802734,33.71916580200195,34.20303726196289,14365600.0,33.8548698425293
2020-09-28,34.70588302612305,34.30739974975586,34.30739974975586,34.52561569213867,15044300.0,34.174163818359375
2020-09-29,34.667930603027344,34.184059143066406,34.563568115234375,34.31688690185547,13512500.0,33.967559814453125
2020-09-30,35.06641387939453,34.39278793334961,34.411766052246094,34.819732666015625,22623700.0,34.46528625488281
2020-10-01,35.189754486083984,34.30739974975586,35.01897430419922,34.50664138793945,22520400.0,34.1553840637207
2020-10-02,34.78178405761719,34.184059143066406,34.2125244140625,34.51612854003906,21461800.0,34.164772033691406
2020-10-05,34.99051284790039,34.478179931640625,34.658443450927734,34.86717224121094,19400000.0,34.51224136352539
2020-10-06,35.13282775878906,34.24098587036133,35.10436248779297,34.31688690185547,25233400.0,33.967559814453125
2020-10-07,34.715370178222656,34.184059143066406,34.402278900146484,34.60151672363281,22160000.0,34.249290466308594
2020-10-08,35.275142669677734,34.639469146728516,34.724857330322266,35.0,17857400.0,34.64371871948242
2020-10-09,35.21821594238281,34.715370178222656,34.94307327270508,34.90512466430664,23667500.0,34.549808502197266
2020-10-12,35.275142669677734,34.60151672363281,34.819732666015625,34.93358612060547,19413800.0,34.577980041503906
2020-10-13,35.22770309448242,34.753318786621094,34.7912712097168,35.00948715209961,21543200.0,34.65311050415039
2020-10-14,35.38899612426758,34.69639587402344,35.113853454589844,34.97153854370117,22124600.0,34.61554718017578
2020-10-15,34.85768508911133,34.544593811035156,34.753318786621094,34.67741775512695,16089200.0,34.32442092895508
2020-10-16,36.16698455810547,35.12334060668945,35.1707763671875,36.00569152832031,42993500.0,35.6391716003418
2020-10-19,36.859580993652344,35.71157455444336,36.45161437988281,35.86337661743164,31931400.0,35.49830627441406
2020-10-20,35.94876480102539,35.436431884765625,35.92979049682617,35.56925964355469,22384900.0,35.207183837890625
2020-10-21,35.53131103515625,35.16128921508789,35.436431884765625,35.180267333984375,18984900.0,34.82215118408203
2020-10-22,35.64516067504883,35.13282775878906,35.180267333984375,35.512332916259766,19243600.0,35.15083694458008
2020-10-23,36.31878662109375,35.72106170654297,35.986717224121094,36.223907470703125,30557900.0,35.855167388916016
2020-10-26,36.072105407714844,35.55977249145508,35.92979049682617,35.977230072021484,33783100.0,35.611000061035156
2020-10-27,36.16698455810547,34.98102569580078,35.14231491088867,35.512332916259766,36851500.0,35.15083694458008
2020-10-28,35.22770309448242,33.51043701171875,34.91461181640625,33.6337776184082,33857500.0,33.291404724121094
2020-10-29,33.81404113769531,32.82732391357422,33.66223907470703,33.47248458862305,27545300.0,33.131752014160156
2020-10-30,33.709678649902344,33.05502700805664,33.43453598022461,33.66223907470703,25631100.0,33.319576263427734
2020-11-02,34.39278793334961,33.71916580200195,34.08918380737305,34.37381362915039,21430700.0,34.02390670776367
2020-11-03,34.743831634521484,34.23149871826172,34.563568115234375,34.33586502075195,21636600.0,33.98634338378906
2020-11-04,36.16698455810547,35.06641387939453,35.16128921508789,35.417457580566406,40870500.0,35.05692672729492
2020-11-05,35.38899612426758,34.52561569213867,35.341556549072266,34.52561569213867,33927000.0,34.52561569213867
2020-11-06,34.83871078491211,34.24098587036133,34.52561569213867,34.53510284423828,23870700.0,34.53510284423828
2020-11-09,39.83871078491211,36.41366195678711,39.715370178222656,37.191650390625,230153900.0,37.191650390625
2020-11-10,38.46299743652344,36.48956298828125,38.37760925292969,36.69829177856445,80091700.0,36.69829177856445
2020-11-11,38.140419006347656,35.958255767822266,36.88804626464844,36.52751541137695,58981000.0,36.52751541137695
2020-11-12,36.37571334838867,35.332069396972656,36.31878662109375,35.62618637084961,46767900.0,35.62618637084961
2020-11-13,36.679317474365234,35.77798843383789,35.92979049682617,36.64136505126953,40175600.0,36.64136505126953
2020-11-16,36.00569152832031,34.9620475769043,35.92030334472656,35.417457580566406,71660500.0,35.417457580566406
2020-11-17,36.5,35.81999969482422,36.4900016784668,36.040000915527344,46984500.0,36.040000915527344
2020-11-18,37.41999816894531,36.29999923706055,36.93000030517578,36.31999969482422,63442700.0,36.31999969482422
2020-11-19,36.630001068115234,35.86000061035156,36.599998474121094,36.189998626708984,43261800.0,36.189998626708984
2020-11-20,37.310001373291016,36.439998626708984,36.70000076293945,36.70000076293945,60029900.0,36.70000076293945
2020-11-23,37.09000015258789,36.209999084472656,37.029998779296875,36.52000045776367,43673100.0,36.52000045776367
2020-11-24,36.7400016784668,36.02000045776367,36.130001068115234,36.599998474121094,42485300.0,36.599998474121094
2020-11-25,36.560001373291016,36.2400016784668,36.529998779296875,36.529998779296875,26955800.0,36.529998779296875
2020-11-27,37.2599983215332,36.75,36.779998779296875,37.22999954223633,25277000.0,37.22999954223633
2020-11-30,38.79999923706055,37.599998474121094,37.95000076293945,38.310001373291016,65425900.0,38.310001373291016
2020-12-01,40.5,39.0099983215332,39.400001525878906,39.40999984741211,72660800.0,39.40999984741211
2020-12-02,41.40999984741211,40.29999923706055,40.470001220703125,40.79999923706055,84347500.0,40.79999923706055
2020-12-03,41.029998779296875,39.52000045776367,40.97999954223633,40.09000015258789,68570100.0,40.09000015258789
2020-12-04,40.45000076293945,39.88999938964844,39.88999938964844,40.34000015258789,35368100.0,40.34000015258789
2020-12-07,41.400001525878906,40.369998931884766,40.65999984741211,41.25,48253700.0,41.25
2020-12-08,42.77000045776367,41.349998474121094,41.400001525878906,42.560001373291016,87039300.0,42.560001373291016
2020-12-09,43.08000183105469,41.130001068115234,43.06999969482422,41.849998474121094,86118500.0,41.849998474121094
2020-12-10,42.220001220703125,41.45000076293945,41.81999969482422,41.72999954223633,57749200.0,41.72999954223633
2020-12-11,42.06999969482422,40.689998626708984,41.970001220703125,41.119998931884766,60737000.0,41.119998931884766
2020-12-14,41.65999984741211,39.06999969482422,41.619998931884766,39.209999084472656,94809700.0,39.209999084472656
2020-12-15,39.18000030517578,38.209999084472656,39.060001373291016,38.709999084472656,66003300.0,38.709999084472656
2020-12-16,38.470001220703125,37.7400016784668,38.18000030517578,37.84000015258789,56515300.0,37.84000015258789
2020-12-17,38.119998931884766,37.310001373291016,37.83000183105469,38.029998779296875,52036400.0,38.029998779296875
2020-12-18,38.09000015258789,37.5,37.9900016784668,37.68000030517578,60259200.0,37.68000030517578
2020-12-21,37.400001525878906,36.90999984741211,37.279998779296875,37.380001068115234,40891800.0,37.380001068115234
2020-12-22,37.33000183105469,36.599998474121094,37.209999084472656,36.7400016784668,33634400.0,36.7400016784668
2020-12-23,37.650001525878906,36.880001068115234,37.0099983215332,37.439998626708984,36182000.0,37.439998626708984
2020-12-24,37.56999969482422,37.18000030517578,37.400001525878906,37.27000045776367,14790100.0,37.27000045776367
2020-12-28,37.58000183105469,36.68000030517578,37.36000061035156,36.81999969482422,26993700.0,36.81999969482422
2020-12-29,37.20000076293945,36.790000915527344,36.900001525878906,37.04999923706055,23152100.0,37.04999923706055
2020-12-30,37.2400016784668,36.70000076293945,37.029998779296875,36.7400016784668,24889800.0,36.7400016784668
2020-12-31,36.91999816894531,36.290000915527344,36.65999984741211,36.810001373291016,30755600.0,36.810001373291016
2021-01-04,36.939998626708984,36.27000045776367,36.869998931884766,36.810001373291016,33533100.0,36.810001373291016
